2577
1498
20783
35111
4425
49456
18048
3733
9225
49450
41746
25534
34973
19074
48017
49698
11519
20891
763
46601
46442
43176
19287
23010
47902
10725
17658
1659
13839
34094
6785
2468
7216
45918
41334
30031
17436
2251
4120
1801
26620
8476
31071
14433
1438
22487
36711
39976
47173
38166
17654
27112
23960
1971
23309
13393
46490
34456
30793
22856
12593
45714
41350
8665
39792
28848
25681
35452
14473
47053
5664
29147
26969
47644
41807
37591
22675
13440
21124
3236
12627
28504
44084
28168
30646
5651
2970
11532
28544
24465
2358
8488
1974
37798
4574
44602
35627
40642
18630
42711
45786
45711
23688
36965
1617
43813
23978
11955
24691
3352
49157
8272
27998
46137
11522
37829
31835
8102
49084
20483
43792
26850
12196
29654
43019
11996
24662
16920
16768
19748
18831
24322
9801
49908
6910
26212
6108
38830
36776
32901
47295
25837
27756
42900
16108
5598
11092
30833
13255
17736
9835
4889
32717
2520
45078
46769
15903
29826
27470
24264
28003
27578
37586
4053
12734
30416
16061
41933
43588
28871
35395
105
49435
13361
35918
6092
19398
17280
24987
41395
5220
14946
4562
2989
39296
20698
30669
10080
17138
27484
32726
14390
37820
13755
11148
334
29183
41472
49888
18156
17023
31064
28057
7889
43206
14645
5147
24309
48488
8780
41329
38097
25098
48199
35797
12456
14499
1695
21247
37906
36040
18153
19318
38983
10744
17435
41981
28926
6854
39201
35988
4588
29234
5524
16334
17639
38000
20317
6400
30074
34867
12174
5770
33532
48881
14821
11973
30470
36464
47378
2329
25844
44611
2173
36546
45471
17779
7368
9265
33674
21746
5468
39544
6527
22033
25897
49492
40736
49319
17649
32620
38756
18064
27673
5684
23967
49160
5755
44226
2259
39921
13822
32590
10542
22206
26487
23267
4477
514
10985
35555
15988
681
22950
27670
45765
28437
27954
39551
21612
15305
45396
15114
8119
18614
30290
47060
33271
7870
15395
23632
2810
48457
21586
32498
25282
36051
48032
38088
46445
32700
26566
21380
41398
28445
672
20641
38405
21715
41926
3270
23913
32187
29082
4625
21450
16605
36086
789
6424
21412
17638
28343
5539
30805
38216
13655
42894
7200
16160
20535
15972
26642
5463
27111
9493
45614
365
43724
16193
5326
11166
8388
16204
20459
39084
47454
27571
26788
22182
26732
27704
46457
21537
12425
11959
25102
30893
47573
44220
18083
17415
47768
20140
4742
17932
38774
46549
25855
12307
20599
47895
32043
17991
12272
43869
8374
30066
38105
227
35599
18308
2524
30709
9481
24558
9798
21816
35691
9066
43126
35567
9139
44623
36497
12848
4803
46606
43305
18747
25521
35123
47864
27822
19821
31161
4901
35894
34173
38979
40243
34303
30780
44453
16074
39711
8451
26569
25482
22938
9641
102
15447
41696
25900
41678
11333
48636
20600
45322
20810
22416
18920
24507
1108
13137
23313
40182
7336
39149
43022
1736
34280
33151
27453
24333
36865
9676
23249
5807
14319
38080
15816
20556
42243
43204
19243
32783
47812
6449
10801
8520
34788
12193
20300
47554
17576
19033
19354
24033
7471
49878
34218
25915
37101
6193
1068
15407
36435
13833
17540
27581
23116
26159
40262
30173
44663
39804
23541
49422
28190
41752
17595
30131
44568
19067
20248
12414
32111
14837
10963
24623
12539
17725
14125
21375
16688
35493
409
10250
45835
6817
18849
6146
35764
30171
42592
11986
30477
29610
1636
43678
5787
17341
11572
2738
39055
15944
1640
46028
43782
15692
21373
22921
25183
20194
17298
7883
4922
46643
33198
10282
18699
8573
11993
5855
20193
8015
9872
44781
4057
8518
28619
38079
5365
21164
9646
35059
38960
28457
13756
22835
49704
40508
28314
22158
29086
20635
8622
18958
42442
18967
20230
23072
35329
18021
33498
31867
17953
36299
3878
39625
43289
11811
25406
49692
18709
2465
3772
41227
45751
43789
35331
32555
33220
44555
38785
48175
18704
9909
39451
39098
41987
40191
39377
33016
36152
29653
17608
38984
28037
25158
37968
37474
42129
11979
20811
36495
34183
48287
6492
23275
46486
47727
18651
44121
42283
17751
19602
34150
5012
42977
49104
37007
8577
2481
23082
5136
33616
10582
29161
21384
48821
8633
18027
38572
17939
38196
21080
21166
3638
25057
29488
8278
24175
13234
7317
26848
45562
1088
1190
31849
32760
3892
28766
18045
5312
29296
22974
46098
15722
42724
2882
26447
22363
33320
29492
22090
34015
40666
35544
49138
16990
11980
10253
23779
46067
45883
27800
2284
23954
4414
2531
14777
9016
46659
46235
3865
15382
48105
5298
19241
4510
37615
34494
35161
14183
866
29510
34882
23019
26953
21044
28079
16788
27258
37095
6322
45477
20695
49928
36875
15858
26040
35746
25780
9699
22185
6917
45225
21976
19918
35824
18985
47044
9911
22310
12598
19152
28637
10086
27353
19411
25228
39056
15069
33060
31032
35875
32906
4164
19767
36050
40232
13359
34679
13608
24954
6053
32060
22104
5221
40596
25334
4613
47809
38220
7301
10212
12248
19413
29491
36045
5472
489
2137
40122
25078
39127
8992
47882
21685
29438
15339
2918
40152
3883
6235
12785
5838
6147
37466
23303
25757
42509
10539
5548
46054
49927
32812
41734
10155
49448
16756
9575
32779
16199
21497
30204
16937
12014
24235
9451
11262
10372
26387
309
20287
31920
14877
20627
6494
20613
12845
1837
2078
26991
31968
25100
48994
28797
18589
6490
4492
25799
8283
31379
18499
35846
1296
46260
6591
18754
43211
7667
20196
44423
17333
34538
32336
24519
47024
49176
27570
5407
49069
10140
9350
28291
343
25304
49801
5375
40131
35503
35836
29015
36838
16811
35704
6565
25841
29427
3791
11479
19451
38218
37401
13812
47107
43775
20929
4079
20211
10739
23043
33032
13925
31952
19594
37177
4090
27536
35538
21592
42648
24699
3667
14681
39099
38303
47647
9973
39813
46132
2884
38692
37935
37623
22163
43988
12794
28880
37546
30539
6118
23670
7487
11606
41069
14447
36849
47091
6148
16432
5517
20713
23539
31780
36619
38548
46843
4940
21911
6209
27751
41913
20800
11446
16142
19359
22141
846
1964
13562
13309
3533
25160
6939
6244
35509
35393
6289
17755
26655
40868
59
9552
11075
44194
23093
45360
37207
24724
8178
15875
23150
5657
25802
44192
2750
7715
18185
43540
30937
36636
35332
24256
29535
5173
48420
32777
4423
36148
16574
32058
20320
21770
20215
14539
2250
44442
9423
21771
38550
14008
19218
22956
23626
46966
49477
17313
22112
43240
13259
31866
21467
41897
34595
3654
4067
30954
43873
46919
6310
1197
13611
33190
38013
28817
25581
18236
13605
34848
27210
9099
48507
32455
3882
4210
6151
24016
18166
10901
17090
16933
12930
17648
10289
18140
23612
47192
30920
49766
18500
9754
25093
26540
39995
699
30475
16219
31012
14186
18720
44435
6111
35390
13703
43053
18708
49348
43657
46756
10674
11071
37249
43759
22916
14947
34610
4817
45603
11435
15666
5338
16782
47007
37924
14531
22556
49592
31431
30541
14994
32517
26740
11018
10871
15959
5607
12959
15242
49699
49770
40076
49362
2303
29892
3488
27747
12849
26880
24633
23640
23699
4346
29667
11566
3304
44321
13437
20872
10288
49326
8653
38243
36615
40399
26602
30192
33374
23723
32411
47769
45516
39074
23069
371
45215
47317
41634
43543
36777
47215
11145
32884
41113
18174
13481
17114
24566
10707
12779
9555
2853
17291
34244
28054
33524
472
23163
37965
15818
9009
38211
44002
17602
41958
1811
10926
37853
22778
7977
41008
14784
31453
9856
2299
33254
11362
26056
46977
48541
42595
35578
11208
10115
38221
9758
39374
34148
1898
9995
16487
40803
3761
25241
40444
44413
44831
45295
9186
2201
11688
47121
41364
33394
27599
45509
28387
20152
37155
47649
33718
9587
21550
34285
37593
42212
39616
12148
30602
28801
25156
7373
20652
10285
772
43406
45615
27514
36994
41135
159
128
40796
15158
43254
38639
18413
49312
27379
31778
19754
19223
38540
6423
35158
35282
34573
39782
4076
39825
17144
43826
15221
37732
38487
17250
32328
30731
43145
35553
39630
4253
38775
38466
47336
27464
49940
43645
44271
13006
48418
35827
40219
916
33418
14861
37835
25851
21776
41974
31432
9687
26852
36455
26774
28233
42201
22680
34952
43122
5904
3321
34571
36846
41847
20566
12796
38452
9689
20985
7022
42252
27293
3230
30324
26828
2622
6191
14744
49522
13861
3373
12190
11263
32085
10996
21874
34783
35105
11065
47694
11570
27880
47781
39737
23768
40534
38619
16717
27788
14331
22602
1300
21116
16515
1217
35665
39432
44943
42851
13751
40673
484
45564
26046
1951
30087
32442
40757
11597
44306
28080
46491
26965
19545
21852
10680
7893
36317
47314
3691
28263
13281
20696
26415
33340
45807
29456
14251
1022
3800
17386
4717
2092
47875
8807
34084
20103
4014
17950
43234
48492
7731
25423
27330
43590
3012
44683
19977
14974
40452
6451
37701
19534
15864
7937
48147
45455
36379
5910
19053
16769
4311
30688
44821
5119
13907
38695
7637
2236
43307
30815
11883
38007
31626
43168
39924
49066
39485
47337
32197
8001
6551
16757
21120
30686
13022
33409
36698
16694
20969
45291
17327
34207
44454
28852
1208
31883
10980
27995
27528
8097
6336
36314
31495
33314
8163
17528
42761
27275
32217
3031
392
29221
38686
22833
4218
19995
26179
39361
41265
40852
16539
49732
1715
28021
15812
7410
33926
9994
35020
32938
3534
28507
23565
749
26423
48347
16039
40066
42621
29271
32273
45956
42118
21875
12518
6350
14070
29361
40472
6533
17624
44000
48887
25654
33478
32395
8033
32376
17052
30435
43073
6119
2990
14512
44968
46008
19232
16852
13323
20354
18922
24710
47181
38956
23290
6054
26626
33495
47805
28506
35278
17320
42157
41304
26101
33224
14004
25538
18961
48692
10864
15770
2029
14842
17184
18459
2026
26760
41164
39348
49862
48082
2626
45181
29565
44440
19108
44103
18046
24028
31701
42946
9914
7569
49344
22122
40423
17511
31860
553
20153
42130
30847
47111
38666
36623
7552
913
45062
49273
33960
10510
29484
31025
32268
3830
22401
43689
45433
31454
22710
30777
14285
33728
36848
36394
44105
14217
23215
46541
11816
10094
33247
41756
27363
20345
38338
49817
42717
34125
13409
26658
31790
22285
26053
29316
19792
18875
25442
12405
48736
4464
40588
12308
41833
11080
24528
9084
17371
14647
7258
45566
36473
48638
17399
47852
17758
38770
25568
8190
37075
32820
43123
5694
1655
35012
41436
39862
1331
233
3323
4828
13594
27480
29074
41592
24136
16595
42067
10716
25076
13205
39568
4198
27980
24815
4693
25553
49060
48282
24765
29672
49703
6903
49779
40974
5896
22002
18219
32636
16936
1743
45421
31498
28418
30979
13622
10645
1118
37096
39009
5190
16040
23929
48670
28576
32434
39988
36626
44077
26217
40541
45356
20384
2300
2652
33580
38648
2027
26185
24234
47042
2048
45934
24732
4392
17402
20136
29554
48559
34578
26070
5373
46726
13394
48150
37223
37673
914
32249
22489
18374
49773
13840
42796
6877
40687
13020
39731
7226
21743
45997
14386
2639
1137
15075
43762
39738
20870
23020
33131
39461
45676
35921
20528
35886
33508
39529
7509
40751
11316
9821
34751
23771
19606
15611
37286
49057
47475
10672
5483
48980
37677
39675
46364
29062
27619
5025
794
17198
25886
23081
42131
14096
1252
18087
8588
33020
3257
15973
29611
1958
135
19584
28092
2598
23764
29013
28421
49897
4133
36239
44862
35902
33916
15867
13209
47077
28932
43348
48883
24059
11502
746
22466
19266
22252
2049
12126
40955
24889
48237
35145
34235
36407
10604
31772
35287
11009
24295
19011
20561
47414
42680
33622
35641
49667
19819
26184
8487
43741
31994
23349
47863
42323
43445
32219
14394
15286
16030
41595
25278
11835
26308
12650
15953
43419
17303
44034
404
25266
13306
23298
20726
34104
17563
14095
18112
28533
18428
32692
18690
3453
34898
26564
44673
48563
48076
20189
47719
48190
38637
43597
22246
42890
18220
11895
2615
40317
47517
26762
7495
41820
36596
28537
1203
43966
45373
38361
14243
41617
2670
30737
39243
19106
17440
4696
5808
4840
43003
22409
28764
42163
44486
22012
23092
48451
20039
4641
20580
16303
5177
7737
12537
35149
46258
29301
11806
38966
35413
46195
5968
32955
49358
43909
36662
37643
195
11466
14714
14766
29225
31784
47209
49489
20665
13569
1861
11062
28965
32421
501
33250
16475
15662
34299
31195
2170
48848
17266
21126
36800
46641
41481
48648
25776
16192
2011
44740
26890
29231
36140
34192
5811
10920
26490
47029
34850
2075
11700
33384
3996
27871
25672
31841
21803
18949
47605
10664
31837
31702
25871
18809
17694
25909
46168
25691
43332
2412
40804
41417
47069
9382
27010
36607
4302
15213
30703
9764
23160
10266
46900
31461
38988
29068
39396
40905
46836
44570
2793
42660
35974
31044
44939
685
20488
36673
37178
44927
9513
39552
4109
22709
47132
35994
17011
2232
16500
26870
33549
12492
48729
38380
7517
13219
45740
1327
33660
30529
38429
29522
49873
35446
48675
15270
42966
17458
42072
21218
11764
19734
20778
16163
21729
9323
7666
9454
48322
24982
28041
6529
35409
19869
7412
5155
9708
11905
42422
10820
15830
5216
16898
18786
1612
24277
43166
16890
47201
170
25179
34826
513
44325
32600
42794
38058
25728
29418
49329
27463
38460
35668
15296
27071
3677
39219
21213
18059
19884
43215
43996
47826
29914
6242
7638
14498
43503
30935
47971
35576
32624
45206
3396
37443
13435
1008
37460
33656
5781
24999
20406
8548
42580
19206
49120
14948
35220
36723
37841
30113
7693
42390
39542
29139
14674
14623
4244
31340
36460
22754
31087
41873
44825
1680
4545
25281
5490
8492
29213
5936
16367
20026
567
24597
40098
12026
25484
43770
32724
28584
45108
14254
40899
17168
36212
32529
26966
43884
43593
36216
45728
24473
33726
17577
18345
22378
3951
1255
23134
45995
24310
25925
884
32354
32054
19540
26403
25711
27974
8229
13549
17213
25403
39402
16183
40535
10456
26023
34034
11111
8378
34414
49054
49365
11638
25190
9028
32604
16230
30524
32956
36535
31088
29844
21510
21123
7750
25393
4598
48314
24798
42406
26335
8399
45815
40195
7009
24660
7999
10314
46817
13730
5471
38295
11411
47540
37028
21507
42670
41612
686
28792
10916
35572
45466
9172
29306
27386
45263
20739
13504
42450
37467
47310
42423
27015
2785
4450
20472
42001
38995
35294
27040
34419
8293
8269
38082
20425
29596
35597
38148
4418
1854
24029
37154
8770
38793
15635
6511
22852
10810
26665
18547
15693
23022
19793
32597
46973
48342
48450
6977
31391
17148
18457
47258
14455
36489
42238
43039
5023
35374
600
18175
27050
43042
34375
31522
28035
28701
11838
31694
1628
29318
34730
32965
15197
23733
39914
48781
46827
4448
42273
5056
22241
16601
36862
20857
25660
20100
16944
24301
40050
41709
16644
31372
10558
30997
15620
27061
21691
41794
26860
22275
6879
8430
29555
37196
48240
22438
16336
34736
36832
33154
7548
1279
752
6556
48172
1440
23882
3728
33734
43786
37263
6305
2595
703
8206
20757
49690
39547
2709
39606
3397
6897
25976
9492
42097
17996
24015
45688
14892
18650
11350
9039
9675
24303
22247
33238
22712
37452
22773
25262
5848
37175
8183
1747
11447
26421
756
20460
45074
9705
7395
34149
33009
39987
35550
32592
36634
32417
44437
3581
43679
10506
15982
39809
38590
29740
47095
31695
14980
1072
25937
29541
12244
1337
14089
18192
8619
46279
44876
6379
27791
18496
28071
2348
39739
9438
34078
18359
25005
39591
41775
24556
43650
46707
46770
13040
35250
4449
16566
45033
704
18867
41174
26556
22391
6061
19113
21428
38127
27987
36143
17870
3639
44293
42997
25311
49892
44820
827
38781
106
4966
48135
18781
23333
8068
12025
36602
36922
36647
20265
8013
33868
32290
47471
45582
561
43865
4964
23054
39963
19735
28302
20073
4883
12337
31620
5909
13747
38104
49629
30689
33260
46512
44471
27591
28460
34805
34740
12722
22912
12889
26646
29827
48117
345
36215
24125
11685
3530
17737
43049
21222
530
23476
47502
9530
5116
12067
17109
28153
32394
49828
27223
47197
46221
42378
23346
38014
30432
39033
10323
22874
16285
9203
21597
13078
29001
13467
22548
29633
1450
9812
42429
46789
21602
950
36330
16834
23586
4382
36525
43435
39285
17566
36696
5434
21249
24575
40922
1756
19550
14460
2224
4358
19824
41918
42695
32035
41781
2755
40893
36732
21670
36323
3647
24844
36909
35378
31714
12712
5602
46386
6304
42405
14079
24642
2797
30882
46984
12258
44141
14823
35655
31982
37051
8298
21324
36771
40798
2326
27192
27136
18269
19335
9625
29340
25104
36714
13788
17173
38383
38797
17789
43531
11703
4184
28362
31950
27989
5714
34754
32302
19555
49651
20065
43519
14890
24873
15727
2253
25513
1560
3307
18808
22375
9125
46272
10863
21643
33913
35188
47546
13832
473
23078
28822
48250
8830
31585
18682
23792
25789
31002
37961
417
25643
48232
6774
27167
8024
33453
30489
17095
2440
36031
2373
315
8823
9773
12623
16919
17871
18819
7886
47432
18800
28088
31114
29993
556
41755
6095
49034
40733
43198
38446
3906
21913
49002
8165
44348
35341
858
5383
25768
39151
9232
24572
49660
39088
5321
23478
39035
16037
48392
25949
37039
37188
17427
29998
4927
2215
36866
3371
11506
39392
36931
39205
6354
42412
28745
36420
18357
5911
14426
21769
22860
39283
10748
31329
27199
13882
8250
33373
47288
4650
38884
18678
19417
21333
6448
7813
3095
46012
10518
22432
27084
6731
44496
14775
9235
29825
6781
46757
47180
19635
42813
13277
16060
2962
21417
3179
35631
39709
988
10479
37879
40678
11087
12160
41947
126
30504
25458
11096
40311
23995
28698
32642
9917
17306
32957
43230
4312
43686
39097
18267
16724
35411
11229
39315
37796
37399
10742
20828
23868
25280
28550
6596
14556
22715
30895
48602
34201
7184
46626
25861
47711
48453
15153
13084
32115
3995
2525
1505
31501
43158
21604
28259
38502
45332
1613
1414
17390
37763
31000
49926
3851
10583
36058
23187
45037
7991
11029
14916
31424
12415
17047
9086
44744
30658
1426
22286
44074
46136
24155
5952
38193
49965
1921
29681
35053
11394
43794
14810
20142
14395
4879
8168
38415
43217
853
1256
31555
12294
41906
30819
34178
745
36910
34091
11909
36481
38205
32292
30039
30603
13478
26084
25059
25793
14002
18657
16831
46017
48426
42456
22813
21059
42000
15308
33035
39923
25954
35224
35009
15454
39472
45544
7257
46599
44424
42217
29333
47630
32130
38783
9901
23488
25249
22336
43681
37869
19013
14132
11833
42424
12262
4247
31905
48113
14301
20271
49644
8481
37339
10370
7050
28089
5758
48775
40613
39776
9396
5824
35236
38704
14149
8334
31395
30957
30792
28858
45977
27602
48208
7824
28087
35950
40573
6314
19870
24126
6559
38187
13547
17105
18962
5082
21356
49579
16600
6986
44961
18325
23154
26701
37261
30445
45195
42570
23350
25330
41058
10708
430
49675
29172
2247
8134
23482
15363
32311
44808
971
21032
11992
38173
5769
30977
26150
2086
1326
10947
39139
13243
40198
20415
12728
222
27127
35034
38835
19532
1033
48130
43928
15674
17622
37634
13367
11487
15205
31642
42036
29631
40485
40861
13475
1070
29770
8560
7562
24875
41618
34658
41231
49077
29632
20962
42571
16859
13429
31885
18284
47119
20216
47369
13632
40001
24932
21833
39305
29986
13160
43756
44695
48901
18619
664
882
27178
3635
19531
3053
24214
2308
18088
18335
48931
10232
7930
35611
12305
4849
37739
45519
44476
29401
34903
3676
16047
5329
6962
37072
20936
9598
14090
39003
18698
44365
28941
21473
49987
49097
25836
40135
34657
41744
49106
26542
45475
2064
15210
19787
1415
10419
30298
7271
28668
16966
34563
19958
47865
43349
17117
20419
29545
38149
41352
11081
5917
26994
42015
21435
26605
9870
35191
11689
11405
12569
17449
47376
27965
43667
2061
36295
18056
41344
4336
8362
17944
16636
16715
26504
45665
6479
37367
39961
17388
20846
23477
44992
34886
10352
11933
15349
7895
2790
33564
43449
39588
7581
9387
17629
38810
30966
19822
26805
31512
14814
13937
27539
2404
5514
45791
1782
26856
30657
42379
30627
35064
24005
43121
46434
32350
20644
25239
47321
14387
40562
20592
7315
19838
212
13653
36505
41829
4176
34081
49239
28172
4051
36926
17325
25852
30429
36882
25422
37198
37833
16618
3869
1408
30057
30442
32162
14102
25707
38381
45409
45130
32004
38804
34415
11284
49798
5346
17703
44322
33906
30307
17201
14570
41805
21300
43314
353
7199
6597
37745
11449
38656
11443
36993
40026
39281
22661
22637
12809
49488
10857
12528
32152
16695
17356
18197
27051
44875
45274
13826
21087
44996
36618
8939
37047
36318
23264
2874
8063
11401
45845
19425
27669
25438
37328
2241
21019
46153
33978
6433
38752
13131
48624
3347
22254
49890
38621
37804
21881
44660
49758
24956
2102
14307
3424
33306
1638
42103
20067
8617
7082
2347
47587
21971
20832
11406
25148
5693
29151
5623
44886
339
5425
32461
41256
42022
3702
42056
26990
8801
32677
15059
46779
31820
37362
4377
12708
39051
8375
17809
17519
21274
10209
32399
23472
47538
49980
22050
20633
44270
10678
10036
34238
46334
14655
48448
26080
3741
21711
48390
26597
5800
10068
32877
27613
31285
29150
27229
32854
22994
3096
29812
31898
11665
45418
35197
34329
30059
11270
25675
29215
48424
46241
49745
18553
48215
43923
15902
34133
24520
27825
33512
35868
3306
36199
6184
10374
37550
45720
1350
17765
28431
31594
10050
8878
14325
42305
34486
2349
17483
34774
13682
9338
10696
16507
5211
40464
44762
19020
27835
1829
46716
19109
31487
26051
6268
46131
42124
21661
45497
31164
23793
39512
29733
48787
23074
37793
4173
14450
39646
44779
20439
10890
23721
21186
12931
323
5750
19476
43001
23223
31067
36557
14537
27932
39062
49245
21855
24317
49287
15584
22292
8959
9989
9899
36707
11465
11701
19921
41024
48790
31717
26246
5485
21647
38597
2552
19458
44073
36369
20701
46381
42256
37848
31846
407
34650
19611
47480
45345
13439
34448
8228
15796
34511
10717
35594
32192
18194
7251
35472
48693
18668
40610
1287
12182
39262
49277
23369
42262
33438
23456
32850
4380
33208
17843
5427
25275
32937
24084
31944
29495
7713
6078
1513
11444
47900
12945
47473
45882
1369
6757
42162
18508
35497
1627
28307
7168
27208
15371
35371
41899
39818
33457
26148
46824
31505
46860
1528
30616
43156
41181
10552
48516
22502
9841
23279
7534
5586
26684
24916
15317
24215
22214
49838
23418
47198
28728
23879
22051
21192
873
18465
36324
47829
3578
683
4518
11847
30851
35498
15806
41965
47709
17176
38008
40641
5647
43939
89
39972
29285
28357
30415
14142
40063
1626
35850
43194
21605
35118
48722
37009
30411
36680
16559
37413
35528
22048
41217
5507
40172
16693
34137
25699
14416
5782
26627
6537
29084
45625
48579
12824
40826
31928
47498
22765
35927
34316
42446
7146
17657
6732
19996
27686
11754
40695
31762
24469
29938
9570
49802
34862
2789
15863
16674
19984
43045
33300
37351
12251
5687
45681
23780
8441
36370
26622
45607
37216
6599
11068
3697
16391
12661
14372
25052
42037
29051
23115
721
19302
41457
40909
15010
2492
28477
35977
35095
27016
17912
44093
33971
46544
42569
49196
16484
9544
24912
2867
23945
47897
14725
22359
15323
31172
9018
19126
34772
49395
22930
17007
40889
14735
33896
15928
46058
36104
41242
19151
28074
40121
29496
35459
4123
28463
15155
31553
11524
20025
30945
8934
21702
4737
8164
13346
46263
20812
20980
38132
26723
36174
13293
15487
14729
42826
15672
45112
28610
27520
14769
18070
25543
878
25185
13484
1237
23902
2258
6254
19815
27968
28812
41748
199
37812
2035
6285
60
7097
12621
25101
3915
15819
32981
17406
4971
49398
12675
27326
45518
3472
11704
6434
27523
11019
46314
30070
45561
1600
9500
10358
40547
27060
15862
20782
45071
16751
20001
17714
13786
20536
48077
13662
16418
10688
438
6188
11619
44855
2097
24840
29602
34012
27181
24856
32792
36597
4509
2724
3442
49105
41572
27718
33672
35686
10665
38021
4647
49207
17147
9238
12911
4166
37151
41850
15391
36116
42804
12040
47977
28219
14402
19491
19991
14491
6452
22890
29436
23300
11469
35945
4628
22458
39705
24858
17664
24837
15555
568
12001
3725
13223
36467
37355
35953
18448
16010
29185
28178
39101
39844
17438
42697
26239
7725
12413
16384
24166
32838
16891
39730
7165
24247
47638
16103
16914
32145
42335
28961
10477
26756
49414
24549
32008
42443
40745
3582
13497
7959
49437
26686
49623
15123
21487
17272
41374
2784
24101
38584
8014
21261
49577
48218
9023
11083
20639
35895
22069
34325
48411
6880
30746
33228
10736
49031
49689
48583
30978
45308
4718
14926
33214
31486
15472
348
8326
27501
38926
42373
779
12755
41836
22927
17326
20095
44235
40252
15624
23555
24352
48743
34209
11753
36998
13898
13301
379
28382
8656
26279
14365
18816
38949
25153
45788
6592
34879
40119
13102
29413
14728
29220
18023
19319
12063
1909
8095
9673
20689
48002
34743
42138
41713
8610
16680
42653
38867
10855
12571
14733
38087
9397
7311
10652
2591
12916
41700
23457
12549
13035
24020
44101
47721
30663
21824
34219
19349
13327
21511
20449
33854
48273
29345
47104
12435
13586
25159
7729
19973
32367
21007
31321
44386
36659
6700
21869
46940
43587
36296
28525
3471
28902
13733
29148
41808
45783
4368
37097
45298
48062
9052
49280
35712
619
47333
31037
31120
43831
41637
29854
13278
37450
29114
11190
30576
3630
34473
24141
41539
4938
3957
44316
7668
9893
37842
48964
3876
11870
13978
7551
49059
40795
49092
19274
33804
29212
45000
21645
2691
41463
46718
9964
20548
28440
32343
18965
34239
6500
40111
6930
31803
30890
42629
25619
5791
33166
25751
946
46440
1332
15825
32243
25379
37502
29731
12007
9019
16185
48739
21245
35326
15597
42617
43688
10194
9239
9244
22589
22004
44706
42054
22482
36450
22924
46796
23006
31275
2998
31777
21159
22549
44766
5575
37360
8144
19114
26698
23977
23402
44730
3527
19935
46350
39090
2193
28713
4135
9495
819
16099
14316
36554
45662
32182
15583
17477
35097
17688
25609
380
19365
15260
48508
27461
15477
4026
40577
29523
788
24427
33026
46418
21580
9888
2116
1431
23485
30135
44913
23469
11975
974
17409
1554
22618
63
22638
40439
24836
37761
31203
14434
13304
5414
33977
44258
43361
45018
23644
39535
5322
15008
20365
11110
27187
19479
27445
13664
34372
21876
10544
24878
10774
18463
20909
44209
34388
45736
39147
6035
14011
2663
27772
40220
2359
19544
24809
14080
28310
36249
1281
19664
49289
34169
5906
7000
9370
34037
3429
16004
2869
40758
10420
29208
37882
45353
13789
17712
31723
49215
26402
10171
21800
25591
46210
3968
35966
18314
45244
40498
15518
3588
4473
38282
28627
18837
1263
1658
22382
43618
9207
7230
37636
34009
22863
2933
10651
18516
6018
33427
44878
24526
49895
16918
2931
39257
45107
6083
20997
40525
25272
24037
47312
4086
34589
46472
5703
17893
38143
23655
24257
2199
33194
15654
25378
7988
15453
32144
11918
49345
41697
47266
39937
41495
28512
2980
10837
11908
36746
10796
19724
1172
30009
4236
42258
6938
16498
10720
3146
14454
24872
3722
6241
21236
27401
30863
44015
17380
31878
2196
26025
37489
21078
47200
21810
7436
12749
48003
35056
1293
3192
18085
21404
33240
48303
22610
2231
27352
26857
1876
1142
5162
22807
13760
42352
40966
26794
32654
17955
17530
2897
3548
17771
2675
11513
14909
24314
26988
20764
9410
18378
38277
9098
25884
18384
42123
36340
14818
38901
13464
46556
23454
15485
20796
25603
33812
22369
44304
902
34503
46344
22708
17267
22736
32046
47062
16630
25358
6311
47650
29294
36859
10706
10907
38395
26201
22627
31926
5962
46652
49975
30969
47736
28045
26299
16761
37679
34859
20306
3294
34549
48326
23970
37424
40592
26088
37272
46918
40480
39642
39785
30015
32172
16658
23341
34259
4069
31177
7759
5094
25682
3887
9739
40760
19290
36419
38283
2171
8752
13958
25327
47212
26480
7137
12219
46084
16326
11576
39019
33729
5409
15498
17605
49546
3744
25554
41103
19262
32725
7427
1707
33328
8879
1405
36791
6832
42549
13515
3022
28903
33297
27819
49870
5580
39333
45154
17153
23123
26691
44474
5285
20792
9985
46749
48046
10480
4222
30209
40005
11134
18796
14833
33846
27813
35460
13129
12088
23556
7965
6622
24814
41051
8687
21664
40870
38091
7323
31216
13983
18141
20060
44658
37076
2744
28423
33207
13324
34167
12886
20423
46799
38350
42757
34765
14896
25374
44378
37706
29637
14190
15989
14081
13196
17232
3821
46682
9728
22758
32855
2331
8806
29264
27802
46595
26548
10530
47157
46200
33361
11074
16292
1832
5307
39438
24188
34641
33161
43952
16397
32258
41080
46883
18748
44284
27805
25210
29531
23483
44708
33053
49124
39202
33280
35881
37544
9757
15079
7286
32022
3665
45119
16482
24113
44445
14036
9561
31987
33653
40479
9960
18511
10056
4915
7913
15354
21538
31946
6439
38475
14637
31523
6109
41570
32416
28489
14957
48387
29143
9127
43708
10427
27720
48081
1005
38893
23129
45816
19028
25085
14091
17746
22314
49846
29037
39279
10174
274
10368
6385
31900
2304
12591
32185
31085
40082
24595
49544
23621
10402
46995
29936
32018
36413
4976
27787
267
24795
35554
47873
24446
42892
2218
2786
3210
5537
16550
8076
16818
19680
38784
8226
46478
6015
4699
36313
44917
17077
11911
45932
21189
34639
7890
19059
1867
9657
23182
49735
11020
16794
12099
31436
6349
42294
6260
22790
15060
24939
19327
30708
13248
35584
21566
3877
22841
29464
46219
16668
41034
20494
40568
48398
14343
15889
3408
25530
29103
42208
13253
46181
47167
21929
41209
46863
533
2123
7290
29887
33006
69
768
11715
14762
32764
33191
35284
7778
14781
10939
15948
3792
29597
20744
49472
429
13197
24055
6629
24862
576
46815
43842
36624
37462
35218
44549
31351
33626
9666
29868
15557
47160
15496
24282
13723
8856
31465
14310
29627
4085
4233
43751
8858
40801
6384
3279
49021
47136
22576
17010
8273
26709
28252
10082
27339
37215
17534
37669
24432
4544
19962
28557
35635
5036
49336
37035
47296
32702
49502
10470
15593
20508
26939
10124
31888
48499
8544
7740
44255
1851
4107
986
2643
45113
5889
22854
27458
45541
33204
18072
27930
41652
47431
31127
48843
8555
35397
16736
14616
39007
36181
44576
29303
49052
3372
14998
39634
43524
141
9455
7021
48644
24545
49015
49264
44540
19772
13318
20526
34488
13441
17933
23842
25505
16642
20907
27373
4335
9776
35759
49402
23997
32621
37192
2765
5148
11814
14185
7768
33307
20893
25860
17549
48377
44008
26952
47817
11942
36416
2924
22544
26816
18492
47509
9361
35082
28069
22706
23266
18838
41134
28877
44400
23899
28530
29033
32029
4157
15600
17782
17784
19052
29980
43239
46318
22836
36316
35202
4296
42945
48114
46243
27272
11575
452
20717
2148
21638
32196
19455
5574
25546
35343
3106
27072
41581
45594
9734
10903
37164
43378
34943
12374
42903
22343
26517
7014
29529
18337
44833
30013
12620
28733
6871
21405
16906
2235
11245
42496
12941
46968
36682
11399
36177
43535
21644
2983
47956
44188
34992
49137
24696
14201
45858
44352
11150
39328
47939
10639
20670
1043
17226
20799
35545
44578
21921
20898
10507
27494
3746
17788
35803
16049
35319
35968
793
46443
40487
26204
45648
7557
27592
34840
46371
43584
46938
8545
7936
31135
34308
10866
48259
45590
18987
26635
16979
31832
10382
24963
3928
18124
41813
49960
3419
48044
37830
38320
27953
40919
10034
24824
25216
41635
26157
34339
15921
17462
37382
12410
15367
38727
6680
17960
40979
5200
5175
44780
23833
27656
33928
7623
46361
33576
30548
35530
517
13263
33175
5194
6954
16665
7574
15730
43381
39419
14676
38767
46276
33150
49750
881
17212
46965
32872
45844
29954
7335
10180
27728
42030
15849
17034
22614
1099
43021
11904
36912
13769
4331
17022
37700
2900
14601
46109
47005
15324
20062
43017
10013
2502
34335
6969
24279
3298
8533
16976
17770
19172
272
14252
35589
9725
3204
30068
17400
28379
163
41226
8670
36884
43074
20991
1750
34162
38392
45315
27684
38186
12464
25344
33776
27019
33612
48126
18152
30662
2487
4866
8256
18872
48637
35320
3
14116
17656
24057
25471
1907
19445
18081
40313
24328
20418
33494
20467
30922
2270
36443
47557
4515
7376
49401
1275
14248
2594
12204
36163
16289
39433
10597
45022
23414
13719
491
19090
29254
32832
48801
8772
5820
46142
4279
4022
30436
49727
7103
16745
49117
26360
6025
11914
14976
41928
47867
47325
28524
48661
21843
35262
47027
692
24185
17296
10826
8569
35711
1791
16513
44443
11149
4591
2182
6213
49170
13654
34531
35090
34069
35937
18546
27003
39145
44417
36620
42320
11268
21342
39959
34282
7579
7161
11072
19774
45726
2396
31260
8171
23837
14770
12811
13295
45547
36149
1936
36437
6710
18178
45709
8222
31266
6543
9489
20646
9352
13977
21845
13616
17087
46532
29550
30839
1310
31909
48134
22392
41280
7445
1720
13339
26135
8699
36421
20304
42292
6964
16839
3521
44302
9690
6669
3863
10111
28683
35295
10023
17012
11011
21083
30773
16508
18733
15667
33502
19650
7332
26482
48297
5001
38795
23000
46571
14097
27418
14041
45837
21421
41960
6693
46740
2818
36488
35258
34646
36302
48761
30088
29388
32522
1188
46865
43491
22656
33014
36068
25181
48857
2016
40054
39574
29481
41207
19498
43316
43553
18475
45855
41259
40869
3919
41074
14039
10059
18446
41233
45175
12962
49183
46502
31692
8654
4384
30508
48389
29483
2740
43563
23007
49102
16175
44545
22769
40352
37431
36339
45407
9797
46560
29425
42363
12972
835
6178
31402
27567
17764
13731
6340
23871
12091
19076
21045
840
997
15110
18066
1738
4733
18841
32887
7702
28946
6859
47968
11853
8392
18726
20315
42767
34600
18863
131
11195
46859
9218
29569
45082
35078
29865
12138
41413
20553
40374
2425
3145
34287
43432
46138
40275
41827
45245
36913
40342
19288
35113
36089
8597
15985
21104
9696
27168
6256
33795
17242
18142
25070
11369
2221
2510
340
4878
20245
44060
2848
29164
43639
5842
9383
16773
2166
11090
31392
5777
11969
9325
42991
46791
22520
42011
3369
44990
21625
42016
39603
14218
40689
7657
32547
35501
33419
22505
34834
45577
29141
35888
14867
40788
7765
45596
37392
4525
19563
172
38191
33452
28862
45693
24782
26205
7703
24082
21282
27098
21738
22352
22224
31115
16617
42164
6027
6883
5535
12684
10158
16212
39689
31421
731
32330
30110
41878
40210
25184
33168
19701
33668
29983
40755
43060
13289
46437
22277
41394
22584
44666
179
29038
29604
48934
2578
16390
22006
48988
19980
38628
2922
7018
21554
30772
49116
31899
37289
22906
49193
42216
20097
32135
2637
37107
34258
46742
31629
48839
12506
42868
25409
23594
24965
41382
46075
14440
45468
40784
16845
8596
14615
16202
44020
8759
2267
3546
10064
30697
10088
38518
12178
39850
40593
43192
20465
5682
13980
39475
42289
4884
15607
26834
2839
13273
1018
11437
39925
25095
35244
19528
19284
5302
14234
38922
42350
15751
34454
6107
9927
9183
22023
40018
2838
31273
23535
3113
23395
6031
45723
18472
2781
24733
30675
26932
43387
3450
36446
24919
15356
3414
38553
23801
2710
13994
18599
29242
38749
4521
36687
5785
9391
51
15882
1423
49535
2345
2655
31258
13629
31180
8581
24995
11170
12118
25569
7935
17339
33992
34656
4478
31365
42478
2192
7818
38900
45083
15377
33547
47073
23916
2382
10924
32650
37049
2328
5885
21716
3409
13456
2167
3703
7853
12933
47915
2207
25252
20524
32073
38437
2606
1500
33019
41840
28640
4675
18120
43844
14551
10755
6352
25455
13825
26268
37372
15217
3501
45371
6892
24408
979
7627
24389
47904
40166
39330
48898
11512
43188
9213
41003
42824
389
10390
32407
41367
15147
24970
7779
36932
40614
15540
24436
48182
48260
11651
30832
11356
27086
25511
34076
6992
21151
29258
36282
42878
46063
31810
40520
32023
11313
24008
13630
45338
48753
7689
3382
31057
18180
31427
30748
47135
28992
44282
253
26367
29229
4697
27793
25792
6279
5481
6581
23088
46388
10899
25328
25730
32916
20041
8624
5106
23696
25834
42743
14233
44722
7473
17968
26583
45838
29819
43080
6772
44988
4445
24336
17567
49446
7282
9404
47265
662
20960
28284
14740
6045
7416
41348
28818
34863
49833
6835
46598
22508
20243
41096
34516
5583
8321
17599
9106
39016
33001
44689
19841
8877
27037
39496
30923
42820
8985
12810
26139
12573
30728
8259
17916
46464
49407
14287
17054
18889
18917
27763
37510
38440
40994
46333
47008
28338
42979
21409
30721
46969
7921
20032
22892
37685
6755
9846
25110
30101
31766
43913
3217
9593
11841
23834
30232
43761
5436
21794
23257
28140
21619
22088
34668
6252
38777
45300
3623
15195
32077
32215
32602
41002
3750
15420
15650
17431
22148
25608
40629
43163
16036
17281
20636
25572
29738
45030
647
7477
9407
15071
27325
38794
39873
16838
25615
395
6309
23013
7624
7923
10548
37025
46374
48308
2444
12318
1577
19945
25061
34382
44491
4180
6216
2246
16439
23389
47813
6724
23404
25187
29284
30580
2842
7469
14993
20147
20207
27157
31974
32944
33451
6073
17954
22777
33345
33704
46265
1820
28399
29019
1180
4495
12407
26298
30985
11300
13213
15542
9553
18222
31596
37769
44334
8802
14381
18751
20273
32009
36426
38703
5589
6816
18302
23693
7671
9472
11724
35496
8705
37558
45960
21092
26226
39314
1215
14062
44889
7985
30221
31589
33664
34327
46455
25001
13371
42420
3206
11005
48249
2985
8085
23137
2583
24306
27583
13574
25074
26985
33211
8249
9234
11915
17041
28034
28702
29820
40100
42552
7801
8525
15337
34752
46559
2174
12567
29190
33471
42704
31681
36969
37304
47364
7210
38125
42646
2621
21160
25114
27933
28409
11246
20258
39131
11319
16921
28094
41232
42984
47963
10711
25994
27762
8329
8489
17098
21037
13246
22933
34413
49189
20515
43542
3711
6612
7038
18658
23319
31721
48547
1596
9411
41343
7612
18274
31995
34745
38239
49127
1825
11041
19804
20981
23791
26331
42575
43958
48197
48807
12553
25460
3785
8251
11684
20134
22129
34852
35424
36411
36781
42331
47871
4340
40660
45237
5802
17426
27575
48752
8829
4072
4257
22786
31669
35602
49583
1419
5792
15764
24763
21408
35477
45881
16562
9416
7330
40669
41248
471
21672
2197
8982
37478
3101
5736
8335
11836
15373
15709
33783
39247
42920
46188
7136
32914
45921
40503
1110
2605
4121
19689
27783
41194
42962
209
5435
9359
24880
27158
27321
31655
33801
43656
474
20164
6493
20719
25702
30339
31139
32256
38399
8865
22010
27290
40365
42120
44399
44835
4735
5477
12071
34694
48660
1808
9113
20007
23698
34496
37898
37966
49178
21314
48639
49014
4350
7478
8426
12301
19464
29717
33047
41729
1028
6318
29944
46681
43733
888
10316
14703
47976
49302
16392
36899
518
2889
21767
24405
26951
3868
4996
16291
22562
24224
9070
17196
18544
13206
1344
39042
45620
46358
1232
8465
17971
45218
48823
49761
1561
6525
26949
41590
42778
47210
15592
21208
46610
47695
27273
173
1986
5852
13787
20645
20946
38374
41090
43079
44067
47859
6707
11624
14156
16462
31957
32227
32746
14139
28655
766
22245
31706
36025
38664
42062
46531
10278
11671
15405
22281
38115
39358
40269
45209
194
4769
11484
13772
16070
20748
23375
39795
47113
47961
6850
18640
2775
3994
48666
7561
7653
15280
26126
37396
41547
21329
47759
9479
10220
10817
29036
37587
39808
42788
44401
3594
3698
15387
17857
29911
41117
46907
49366
25500
25570
42727
3028
9069
28110
49243
8271
10950
13893
22797
22971
37262
37766
11596
30902
33312
47147
14340
17655
19694
46829
12669
15911
30566
336
3029
14617
45117
5389
8052
9312
21527
22068
22436
26808
31082
36480
46633
20769
23863
24044
26731
30170
37359
42137
8814
13480
41917
728
4110
24881
35189
43356
17854
10375
17025
30
21368
28436
29278
36142
6582
7079
14662
28261
29698
34823
35442
47274
2690
22694
31786
14129
23939
37922
44279
48758
184
8123
12440
12826
20185
25024
3506
28075
28585
29537
37442
43287
9088
18202
19255
23851
29135
34277
3080
43172
45946
48194
7455
14235
15058
25656
27780
11851
32523
34614
7155
263
4777
9864
25034
34351
48103
6715
33119
13169
24191
38337
6675
22133
38050
14360
33104
5316
7141
10015
22705
30925
36457
38649
44931
47578
995
17355
20292
28039
31958
32487
46229
33551
4667
11876
17508
30622
31677
32734
17200
18278
24347
27257
49275
30301
49858
5729
31224
42847
20714
25066
29350
37004
773
12319
32213
34230
35450
538
1902
19990
32686
36160
10200
30174
12880
46892
3360
8773
10387
48512
9607
37242
44561
2017
7744
7763
26461
27474
28026
1315
4978
14659
16262
20233
28102
31155
36621
229
9620
18157
27594
38879
12103
16239
21149
4741
6346
29136
30409
31034
32024
37429
39883
10312
14437
19083
29787
42444
43480
17986
23011
44410
31691
31735
32430
43466
27013
42144
48298
31712
49541
9494
20120
37932
13331
3903
21972
24147
28389
30448
32758
38063
44232
45321
46165
47752
1231
3041
17699
25123
49594
20411
23196
24356
39577
24670
15115
17181
35606
3126
5240
7962
8722
15162
21560
29003
32646
13874
19643
10383
13828
27244
33945
41795
3358
28866
43386
14427
16870
2036
11686
20605
4766
8963
5837
13845
47870
22354
4821
36946
42555
45061
12050
18730
29272
35669
40972
23561
28238
47851
35741
18321
18505
27836
37941
47084
7951
16127
25105
35407
41306
11187
21454
38451
2630
12069
27268
43673
4263
2827
5396
29922
44932
28318
7621
17063
18663
19564
43979
9507
32612
42879
16556
13911
14869
8186
8477
28108
40153
46902
1717
18494
18715
22962
32446
41580
43985
12986
26180
1765
5311
5454
9478
13373
23354
39846
43668
22457
33227
43914
4704
5597
16338
19071
21847
24375
48544
8749
35905
39029
46332
5866
8850
10043
20752
26113
45025
10395
49220
20687
36730
13347
18597
25092
32651
34332
38492
10533
17297
22652
24608
25144
30788
906
31022
31241
43828
3024
49711
14328
34741
49218
18503
20393
23742
48922
921
30051
35825
38422
40932
10279
26936
29504
29736
41412
42063
12946
17343
28658
30490
31541
5786
9811
11837
38954
43245
19060
34899
41293
14569
32465
37184
44108
47154
13016
17817
27906
30045
10686
34746
20920
45705
11740
15575
28503
37726
5773
24828
49146
49214
18001
18507
27477
29021
36071
40478
40774
9562
9686
31043
6042
9357
29876
49848
12362
34177
47391
10151
11027
19180
20913
24190
33810
29586
2213
30069
44803
1666
4504
16753
18666
28038
29906
30795
33074
35107
19808
35311
17348
18579
20177
21169
23836
35024
42288
48167
29409
18079
23432
47978
48522
30137
9322
20604
20941
30479
7891
11200
15726
20915
25490
218
667
20889
29377
28194
48659
33957
41925
2366
18181
26073
34383
35679
35705
3164
22620
23538
36847
37309
9167
10169
15335
33898
46466
6719
32198
35308
37045
40800
45784
2426
11403
17342
8314
25125
30666
2439
3526
12359
21980
28383
33350
39868
41659
48991
8910
19339
21246
24225
26333
29687
36805
38720
11297
17607
38141
2509
9291
24774
43586
3620
12603
37056
4
7514
12109
37917
14100
14265
14820
11890
26453
45917
41922
1001
21198
30333
43238
4354
7764
15451
16897
24245
25966
30011
33493
39834
40290
43460
25790
28583
35656
39366
18696
29468
15458
4050
20745
49780
5096
27285
32483
7277
32396
44573
13109
25174
49498
3650
7363
13034
13966
15088
24594
21463
38816
12186
45121
20897
28968
3058
6613
16312
42328
45323
2812
8513
11639
16619
48475
36439
39717
42613
29955
29960
36490
38235
45617
47384
8844
17988
21197
26996
28273
33518
44111
49972
1156
35215
43538
44589
26924
39502
6759
13688
19175
20414
24219
30046
38181
47461
4695
7943
34655
39081
39787
48941
25556
14753
25263
20237
26861
26919
30240
34304
44039
48440
49741
2088
5235
14509
17603
24700
26772
40057
48551
15368
15596
23507
2828
16819
19657
42830
44210
46278
31287
34605
41988
23412
16527
3264
39225
40058
41535
47116
49212
3804
5183
11987
14754
29626
31295
35087
37270
26598
48173
841
6801
11966
12935
14026
27964
37334
40373
42374
43069
19596
46360
26537
45864
48073
9017
10999
13037
27681
49383
49875
23248
25808
30676
32026
37171
18669
43737
2960
12041
33939
34269
4899
11734
20849
23401
29647
36605
37758
39631
1078
6783
22280
46086
845
15715
20690
23390
24592
32749
36151
8440
9823
12273
15556
18519
30513
37265
37952
44124
1182
14224
19191
34253
26636
872
5571
18858
36374
44898
176
14706
38052
31668
11944
25188
44728
48039
19496
22881
23229
35070
15659
40777
23512
36570
38578
5464
16719
21358
17915
7187
22364
31923
39648
37929
39784
12111
16014
20815
21400
21631
24711
38441
44691
47574
49639
3381
9287
24343
26464
28156
7613
48905
18334
864
5410
7964
12334
12733
18486
28183
43437
15965
3905
9330
13254
22236
24091
42231
42419
47595
13315
16820
27847
33921
20772
2783
13815
25958
31330
44085
26233
1186
3115
8277
8584
39265
41611
45520
47566
17868
27299
41802
49221
10836
17271
20886
35508
46819
48985
9415
9565
19160
28406
31748
36171
38362
1647
9346
19238
22493
26862
34059
2774
16902
34705
39276
4617
4834
12659
30459
49707
13740
35086
48587
7415
14431
23242
457
1381
6987
13872
26145
45679
19833
10682
22147
40236
41148
18895
16554
27972
41896
45962
27368
30426
48196
5938
48992
24144
12597
34017
5387
5912
12287
22126
25964
30420
48238
39459
1766
7571
8601
9509
12136
22389
33725
48098
9164
41616
49013
2297
14347
25684
27045
33272
43648
44126
45710
32550
17513
29684
30401
37955
38164
38846
47450
23627
47880
2835
4757
39701
33046
2055
4119
14690
21365
21671
22290
35081
9131
17740
3317
4315
14937
35110
39653
46562
9793
11716
4303
11144
17151
38566
44061
46320
46432
49920
8239
11202
29397
31318
2153
8941
11795
20676
33196
42918
48059
3700
4251
4579
31924
16157
26752
27163
31768
9001
27200
20571
27177
38920
19368
45070
49155
5141
10298
18533
25762
35885
40028
17792
25586
30611
49238
16045
34227
9678
15993
27242
34731
46545
47058
8736
26703
33468
15073
40722
14791
21393
21465
23379
35171
43652
44398
30987
35042
38241
38464
48926
465
37731
37872
24740
47348
5156
24601
35153
7156
9249
24975
27635
41258
9645
26082
37775
43037
3480
11317
13165
27062
36217
39263
40298
49907
1724
6849
22563
40331
4168
36511
16411
34231
37551
44743
4910
9348
13869
35100
42344
42882
44174
47762
16464
19312
19613
21235
29591
49516
1727
15241
32936
38112
41399
5813
6371
46529
26
12027
16112
18884
19598
40897
48455
2667
11236
12295
13886
18753
20979
22541
22990
35098
39742
39824
40012
42518
1697
2210
2734
3732
28082
39546
46070
311
1845
11759
14854
13533
17659
1321
14124
15245
20119
33759
35448
42550
44802
45399
5358
8220
11441
11999
13732
44746
29411
12235
17598
29616
44567
48399
32271
14755
21048
18271
35928
23285
29879
10166
27760
5982
7320
9528
18235
28424
46898
48871
112
225
7457
11867
16830
16968
8855
21796
47914
512
9444
21508
42167
18680
15576
19198
17800
21420
21990
27740
49429
49529
35653
39026
17478
3874
7325
10175
36341
39673
45342
18230
32143
43486
4680
15633
26266
30527
46691
49053
801
14585
35996
37865
46493
48576
7093
9386
20410
29909
32848
33851
34412
44940
49586
1067
9398
13061
17582
30114
11864
14606
21995
36386
43682
45489
30241
44116
30968
37000
1116
4666
11574
27625
44765
43791
8557
8731
40456
20381
330
2108
4234
30633
43562
46948
4465
47481
18052
41477
10786
14361
16725
49947
20686
41037
3612
7958
9137
34338
40879
10145
34289
37182
15290
20685
43887
24206
30926
21353
7656
10226
22291
49614
19660
38312
43859
39
9778
12790
13928
30674
39856
43140
47211
7972
11669
14830
20978
22703
27493
33386
41549
545
23176
24943
25062
32104
37496
47563
48845
15552
23595
28984
30538
32084
34060
49018
9393
12376
21050
21168
21741
28983
48244
6172
32211
47898
46249
41714
24915
28159
31426
42172
44598
9617
30604
2608
24971
31729
34330
38171
48460
14844
23973
29486
30288
33083
32103
44700
42490
3946
48416
926
8905
35892
3391
4246
15464
16578
23762
26134
30084
31686
36122
47983
48907
5134
2103
15697
15877
24983
47123
25957
110
10377
13095
23089
33858
4209
5639
17155
30375
31346
42802
43624
2554
10435
25517
29203
31434
35159
35466
43654
45064
47078
894
4629
16174
19669
21663
33202
39605
40622
47676
4162
5107
9230
29930
33372
42190
46657
47674
774
4744
25901
29924
37247
41522
46944
6637
7704
9332
9999
12923
16505
23271
25698
42657
5475
10458
36739
37274
38108
43459
4142
17675
3254
25587
32094
35613
38585
47717
1093
19338
23127
26885
1700
19435
23522
42385
43395
43493
21101
32616
39926
47839
39191
5018
23210
40765
43035
12786
1649
7498
28398
38480
41318
43615
12115
46213
48269
24048
43811
6253
19091
49982
34568
42789
31469
46684
47577
7278
15409
23886
28235
42059
49241
3856
12388
14259
18811
30752
219
4727
25551
46009
46078
48286
1633
2085
17606
39106
44172
45979
2763
3446
5398
16860
22686
28155
33124
33642
35384
43903
41229
7138
9024
33428
45999
49921
45808
2836
4096
5043
10074
12377
24496
26275
26874
31521
39347
40321
48404
25919
31089
35439
3793
25997
26168
48180
49504
24077
24278
27988
12730
16423
5635
7670
10287
25246
15826
36733
10187
20708
28898
36402
11419
35350
11232
19500
19642
26091
30858
181
15319
31965
34780
39663
3098
9259
44156
18804
43561
24627
8565
11846
13387
26968
36877
211
1011
5437
13587
17807
26510
26766
33677
12316
14571
49916
2977
13466
46307
938
15490
19639
21185
36737
46310
206
6866
10280
19068
21214
23528
33625
34908
37296
12747
38382
44190
45125
48431
5184
11315
24024
41018
44688
2664
25726
48750
4101
7902
9950
16594
23504
36191
43978
48005
1954
5308
20785
33080
2503
32514
2295
7353
19301
19776
30147
32353
12245
13416
25938
33261
46475
11807
12668
419
21117
40548
43388
47967
25947
23600
12032
17952
18771
20374
31213
34163
37797
41036
46593
7745
12515
32280
37641
49314
10815
21204
23932
41168
43951
2058
22796
25906
49088
23749
26603
33543
37696
37816
7003
10454
26141
43991
6470
18745
17476
13496
16083
20864
25106
32986
34654
7641
13178
23158
35483
46290
6658
32406
37522
41640
42003
42861
48131
12367
15341
45461
8893
21403
34424
39690
47559
2151
15524
25346
31836
3390
11091
22635
37435
27962
36601
3423
4706
11162
21987
43963
44707
10888
16533
48470
10042
21690
29370
25934
41557
42874
5455
8908
11215
17541
20667
21873
22613
40692
6197
6978
11339
17322
21352
34110
9925
19107
3052
5109
25467
35120
35673
37606
37772
25985
26343
35680
41530
45574
15225
16322
24716
30909
37457
3491
14399
39915
41269
47162
4404
5992
31249
528
28688
33157
39733
40238
40590
13810
26045
27350
23726
4055
7992
39185
44487
8685
8874
15897
25207
6985
26376
26496
39337
39965
47341
17316
4256
7912
9258
15275
44610
19453
1961
4456
21112
28040
28545
28881
33179
40738
42021
48958
31361
40345
46438
9830
12152
14046
30614
37883
20336
40101
44043
450
8207
26245
49630
9426
21238
23710
28294
34653
36498
37598
48142
49501
17332
22205
30297
33871
37090
41254
41492
9128
42147
1855
36779
16111
38456
48969
7061
13238
39820
41529
10704
4007
23467
26270
38908
43463
17994
20223
20331
22459
27304
27997
37577
46976
6087
7023
16188
19489
23810
1859
15833
24481
41733
11778
18073
40677
19150
4547
12141
36138
46834
13185
4019
4265
8349
6804
12740
13946
13982
22390
29320
2567
10010
28249
30521
41295
29790
1999
6443
17780
30099
31990
46765
9618
11423
26445
21970
37714
9073
4422
10600
14055
17485
24488
36114
9365
30202
41768
9930
22019
28629
36179
42968
45059
48578
10677
33895
9789
40767
40814
41273
41731
41934
12438
24697
35559
35860
46256
7204
38275
36703
47355
4669
1023
3075
7508
17632
24304
35707
40187
48267
2091
34216
35401
48884
5210
25778
49608
4587
7662
9947
15855
34665
10798
18341
21183
49837
3114
3977
43088
14922
29967
356
8071
10705
43171
12657
3889
14292
14632
25300
32941
39079
44787
44897
5964
23167
30903
35517
40123
6919
18840
19968
24839
44945
14444
37062
2597
9051
13848
32079
48384
15591
31933
32889
49029
13511
46923
28977
2280
19153
34950
40780
41725
42636
44950
6603
12368
19432
22361
14668
26191
28955
29423
44265
46370
30404
49283
35178
37308
41900
9134
5451
18626
2883
26193
42095
4654
12019
970
27294
33587
7225
40881
7130
17618
27188
31118
35882
47616
28918
32881
2711
3628
19352
42682
46807
24223
2736
21904
26802
37194
40288
40473
46180
35427
47788
5617
15431
23144
27595
12270
38450
31652
38403
45941
16506
17979
15549
42117
10047
27018
31542
49131
49818
6808
39598
2875
3743
8486
12803
13231
19260
23003
25323
31158
41427
15383
24527
43086
20737
14691
17028
17157
24884
29091
36744
649
5016
9390
18437
41849
8485
3014
20296
23944
40375
40599
7617
17425
32314
20523
3266
16924
27241
39324
44245
45097
27929
18333
23869
35265
40036
14533
12364
23901
35137
45768
3896
5625
6909
15307
17252
41803
43357
46321
20340
20487
25974
4438
26947
30446
33285
4856
15016
41876
17046
30351
33815
34729
39083
33334
39173
40558
8594
10684
45792
5707
24517
32675
49730
8352
14591
15888
29165
42871
43489
44714
33696
8366
13642
14687
35883
44460
30681
34446
17215
34777
27927
22315
23427
24923
28664
36982
21650
29107
29851
38410
39325
40369
47585
1383
5638
5661
29509
35067
38721
49356
2526
4309
33405
7673
16215
21010
38269
40188
41848
45138
49500
467
9221
37649
10531
15719
23542
4254
7196
41392
43144
44147
47654
7602
20076
1604
7055
33116
37241
17161
18636
7443
8142
16530
38818
43886
11888
44851
45739
48292
6341
39280
1932
27231
36573
5179
15370
16544
22868
31010
31858
10788
23073
26433
29848
9759
9923
13027
22679
29494
1933
796
42417
642
977
14242
17623
29319
36075
39443
39855
49049
19490
20643
20671
34203
8172
12288
19915
25235
27844
35912
37126
41685
43284
44548
46868
31767
1079
24958
39378
15449
44148
24811
36870
5101
6624
14564
40663
40724
46087
46435
13577
8580
15786
34764
42519
7248
10309
23337
39933
42141
45184
25712
3256
6292
26915
33354
5371
6891
28471
30317
36331
42999
1882
3748
5930
10263
13004
25977
40205
40295
43468
48056
24253
28120
45874
12266
23708
27502
11312
10114
21850
29726
44547
287
4912
28425
42465
44967
19875
39548
31533
32970
2682
3681
12052
18993
19541
401
26289
28196
1880
21290
24056
4371
5000
26843
34176
43890
33467
6522
8968
14050
15981
20045
22411
34115
37425
42133
42242
2893
40651
14066
17790
25469
37803
39200
46155
5149
21857
28991
10843
16168
18873
48530
22517
25644
32225
35993
1222
45467
8511
15039
20313
33331
37931
39094
7650
10073
33909
45701
224
15619
18376
27885
35296
1273
4685
15762
21697
26411
41369
34
11696
16509
28333
31100
35492
37967
2138
29009
8697
26183
1029
31192
32782
38124
46134
48615
21039
24587
28322
31637
38914
1660
2274
26940
27055
36127
42810
993
13079
15554
27721
40394
48157
14257
19399
21723
28870
33378
37147
21057
43296
23905
22445
29311
42358
121
23261
23820
36915
47416
48597
46104
18802
24918
34082
37421
42745
48844
2324
16584
17838
30736
33390
30629
38352
40428
44498
11379
21492
21176
36030
15375
37481
43331
1935
13687
27971
29912
33968
44600
46059
5908
42483
47031
28368
40033
48537
47241
1901
16272
19363
24529
45266
49739
14130
29061
36529
11410
35017
40567
6499
14622
18532
31683
42188
24950
45335
19752
24401
17345
5415
6713
20298
22511
22945
27389
45586
46417
48385
5067
29057
5730
25023
7660
8747
22299
39214
44614
9711
34131
3137
10874
21088
17962
2610
3190
22114
22257
29326
40356
43924
3662
13601
25382
32076
32796
33591
35335
45026
3168
6904
10222
11476
16577
22901
43396
43796
6677
17222
40517
2122
6185
12006
18004
21072
22191
27107
42122
44819
18817
10608
49840
5244
20133
29426
40169
49197
15613
24302
31844
49966
5676
14941
21488
25324
27834
7835
23214
3931
8387
12771
17876
18364
22229
35604
41411
44847
38898
42700
47960
7090
7259
11929
23994
28390
31363
36824
812
1567
10850
11626
20765
28214
40910
43866
45103
48909
7615
10356
46311
2693
6036
11492
20357
30456
32371
35783
46624
6604
8872
17159
18445
26797
30106
36749
46045
3640
8743
12915
4163
20858
923
1391
8017
9863
33323
36726
45931
38873
43452
17890
41163
18
125
7578
20479
23047
23378
39928
42098
43871
12097
17484
17742
29592
34628
40702
19783
25552
30343
43227
35800
39614
40078
49568
1404
27254
29193
30188
39566
40728
10658
16279
23562
27143
31671
34855
6818
40362
15579
3820
10967
11033
23433
23681
21479
29006
38694
43783
48178
25244
5241
12009
16984
24293
25850
28684
29828
655
4097
29369
48672
14282
40611
2223
4692
16896
33507
11249
48747
38224
10338
7690
9298
27245
34991
6065
34609
45149
46631
13709
29701
33500
7692
25441
2046
7874
9601
27340
34005
34281
49011
49475
24071
45414
6965
8338
9379
11028
15416
40303
5049
20904
25688
12519
14554
21893
25267
38114
40957
46539
48223
4332
9049
19760
21153
37433
38617
44528
47234
15969
14789
24640
30067
30617
30958
10840
17926
29968
44129
3899
18871
20545
48036
8478
49082
21784
36056
21988
30625
36392
27530
46102
38420
47455
2289
11687
7190
12909
14215
22439
25690
31028
35033
46576
40392
46619
38317
223
12241
15850
23552
28739
44630
46885
9124
27924
29267
37721
47231
47519
14921
30934
34644
35531
15503
14463
24667
33586
39008
43998
48573
6837
10702
48376
740
4575
29462
43768
10880
13590
18515
18545
23263
28422
30047
40416
41317
13168
17707
28427
15968
21456
24292
33773
36001
49805
3617
11678
16634
22379
47819
30313
40513
17999
891
35645
33275
29966
3678
24391
1349
14239
33118
40839
41512
43973
19449
32825
33970
23244
27864
8284
9503
18144
26742
30820
34467
36983
43031
21792
4240
21588
23141
24799
39486
42942
8884
10743
14630
26976
30928
901
6103
6921
10862
11427
14721
20145
29195
32232
44806
6081
6567
13532
15083
22832
27912
30434
49430
18033
25857
29649
33855
48248
1630
2390
2972
20015
44964
45302
6277
25236
37371
3048
21712
26811
5508
22531
27869
33796
737
30206
35084
34222
9152
11798
14808
34489
4790
9571
2175
2601
17537
24721
45044
9004
13070
13374
25995
33892
42640
48763
48911
33693
10894
22539
28208
48677
49650
11613
31829
19902
26374
32811
42948
46530
4185
13133
18198
19837
26923
31724
32156
32800
37046
44500
4355
33867
3251
31323
38675
4705
4936
12985
14847
17368
18677
21410
25970
30391
11791
13350
42197
6345
6948
8407
10360
20422
25126
29027
33045
35279
6198
9034
24921
30484
2683
14013
26833
27185
28617
34649
40806
46591
11404
12710
15076
27863
34505
35810
41133
41432
1784
41904
21436
22098
24930
35447
8873
27266
27795
9591
37459
4942
25203
30952
33575
40387
4719
13258
15343
28001
43693
374
7356
13460
2072
27041
33302
38601
44373
5519
18176
20176
32027
37281
606
5867
17140
35305
35697
37232
47868
6863
39010
24946
8688
13721
14092
29745
41762
5927
7088
591
6376
8970
21495
22318
7476
9118
34234
48859
30556
34660
44461
2434
12862
47779
38271
9662
17254
11705
11623
36577
37789
3769
15234
16323
25331
35701
41831
684
27790
31886
36768
41275
646
4259
12211
33572
6504
32247
41689
49847
10214
22417
41921
49378
7116
11100
45624
11055
43736
19204
27396
44805
4131
44318
17580
43102
48796
14961
16350
26567
43745
1025
10202
20256
25605
32374
42672
42872
4357
25652
28761
39943
48646
46255
8628
5458
21254
30454
32020
34411
40379
1563
8468
28096
39900
725
1529
38047
14019
19137
34228
46998
18108
25618
39532
41235
20895
29157
30515
35199
1155
19300
35742
44846
37094
38935
49924
21121
48598
7108
16317
1399
5620
6003
31672
35542
43521
23936
30373
37959
13237
3938
16116
32155
1771
29149
19854
19970
26724
49065
28786
15680
34002
45383
1125
5727
17990
47177
3720
11747
13280
19086
26747
34716
39651
45717
48265
4132
15931
20388
8944
14135
26200
37741
46460
49771
44534
23781
12353
25846
39710
22809
33744
22307
27317
9148
12592
14521
17619
19166
28091
6634
26261
27617
29449
34476
39245
22000
5767
27784
33274
1984
21892
22657
43911
0
25234
34989
35525
8766
32678
14108
20642
27559
32712
34171
37073
43632
47495
7611
20221
49474
234
23413
43294
13823
20195
26796
28100
28487
37473
9522
11697
20808
39911
11790
19233
32178
49368
830
28488
31744
34217
16059
36259
7447
9354
21407
23260
27248
27652
36189
10573
48633
12497
18980
28359
29380
39352
44788
27498
28890
35859
25622
16314
23897
3105
9590
33385
40318
43595
48346
49866
7188
17370
4046
9307
2519
8980
14023
17816
19408
21594
22844
25784
25889
44648
48998
22581
30852
12068
16494
19608
21862
49561
16814
25332
34147
36895
42057
42160
13965
8554
16598
31970
3867
5766
8154
25664
39500
46410
12754
14351
45599
2336
26959
49564
8621
11155
34817
43185
47907
48373
6786
35688
45413
33615
7492
20123
34064
8726
27096
33180
33550
40952
43663
366
13691
17801
19551
23486
29064
43895
45269
15704
1387
13296
14884
15261
19519
33088
34044
6853
7584
11022
22839
32049
38724
20141
28170
40390
31732
14007
14628
17518
26093
31147
36844
39193
42763
45120
14538
5944
16419
11978
14692
24639
33476
35792
36355
6920
19678
21482
30843
35767
4080
5746
6232
17487
22985
19095
30860
39922
11360
21138
10644
31980
38880
3026
5017
11818
14169
21177
49047
16407
46277
13499
28854
3439
11336
20385
36672
2644
5072
5225
8254
26853
28162
30775
40859
43410
6889
29680
32408
2263
7114
20834
18891
24707
30360
43512
19864
33818
42507
46139
19098
30461
14800
18309
25975
26639
33199
45825
6419
15445
25143
42295
44859
16149
31607
33441
37229
43023
30332
48676
24675
842
6750
46190
11103
17132
25640
41390
41671
12921
27224
42389
5480
11119
14726
15900
21608
28256
47890
2513
12402
16265
20582
20826
28727
36311
48899
14855
24644
9982
13593
16227
46618
11629
28646
40143
42881
9058
4708
28782
42563
1869
3108
24099
43474
45523
19562
32603
41500
42221
14987
20486
32107
33117
43814
35
18390
9749
49852
19901
1682
4406
26872
37213
40360
45666
4190
15783
18145
42399
5606
23864
25815
25902
41784
46353
23881
40832
42825
1413
6195
15257
18769
21905
26820
30353
34265
37948
44290
15609
17704
18322
26930
31302
31961
42679
10525
15135
17451
37038
13284
16861
21532
39696
42293
43193
13193
31150
10513
35569
49246
10623
11463
18952
40570
48832
12969
20424
26706
41519
5874
34517
43662
7775
5048
14490
22330
23284
24762
29566
2910
5374
5421
36154
32062
1533
9121
29096
4295
12470
32347
477
25540
27109
47527
2627
19207
28127
47097
34394
6966
7747
11425
31412
32128
45800
49748
3071
6686
14059
25157
32097
39563
42782
30725
32755
3979
28517
656
1763
4105
10508
21027
41091
49074
8005
13211
16775
19009
22826
25627
25666
32190
40603
13145
10197
27866
30776
4339
14812
17065
18930
21251
21682
24907
29174
18044
35829
42527
45481
5413
40046
40518
41356
44320
5002
7345
30971
38026
236
5091
13776
15494
20658
36375
550
4682
25813
49150
6063
11283
14772
17593
29471
34427
24468
10592
37384
47746
5277
5325
6791
13292
17766
36532
19177
30653
48364
23424
33128
48910
49624
3311
7947
17203
17539
23550
28859
29043
30437
33825
36797
49834
72
34398
37162
12000
38848
488
8530
17465
20208
20391
21940
24018
3565
10895
20728
31339
10274
2233
4280
10957
15757
16971
18098
27979
37942
40334
2679
3452
15384
28703
9184
32161
34802
35147
42004
47536
9747
21653
22040
34586
44519
38858
4988
5947
13288
39284
44792
48897
17881
34029
31529
42309
2858
3083
15920
17113
33932
4750
31046
47404
7601
9941
21398
29007
39307
39351
20360
34445
44317
3349
7466
39123
1342
13426
35551
4458
10369
16269
30593
863
7795
10804
15089
19651
28128
36247
40199
22587
13712
18028
21438
30953
32284
38203
28905
33809
2862
8496
13546
27219
29642
4947
18934
25457
29257
30052
38355
1402
6170
14181
18104
22948
16332
21957
27129
29702
34861
48271
8170
16471
33595
36018
40930
20884
7789
11114
15072
15890
18600
27773
18576
21276
25905
45147
45879
729
15065
22770
33424
33806
42185
45123
45374
49162
1711
41796
5500
45375
3467
17420
5795
1489
15598
17978
24423
29913
35580
37415
49481
2590
8491
2974
5450
5853
25082
25171
31236
2104
15436
19616
22859
31011
35463
37011
37693
37862
48383
3186
28060
38497
291
1979
5204
5401
17394
17472
21326
24773
26409
32974
25645
39213
29394
30433
38214
40217
21188
23772
28887
9614
12938
32757
33232
35574
36229
41128
16021
38892
14419
30582
41354
45779
45989
9892
13377
17257
23567
25642
29324
30600
31404
34768
35696
10425
20249
24249
32655
36821
8241
9204
25559
48590
2584
7494
13767
18113
26910
28844
3753
4690
4174
8746
10759
38210
25294
42993
8793
10340
14206
22953
33523
34322
37052
41428
43059
34893
46760
30695
5370
19812
25260
35444
40969
10329
10892
15747
17568
42253
48712
48873
49425
41585
45867
7386
12738
26002
42635
46594
35434
2850
30400
41375
41455
45067
49200
7064
9275
14174
17194
18126
20159
26736
27455
35096
23804
32052
20085
35240
37608
40107
41598
47716
18210
46515
17239
29582
4810
9847
30160
9087
17556
19574
31030
32119
44680
46625
17734
26032
15834
24641
43885
47632
29266
49782
4576
46046
48841
6894
31675
27311
33845
35719
42400
43757
46178
17474
22893
9572
22888
31362
40115
4462
26716
39766
24883
29645
40060
3445
10521
22772
49476
3569
7758
15745
32140
32166
33337
36227
31254
33352
46473
1937
2021
12863
24600
27357
28051
29858
29291
3322
8337
31664
398
40712
15621
48413
3227
4149
35228
16123
31547
39842
42165
47190
47989
48538
8666
23448
26400
33515
35552
41130
5066
27466
27956
44292
14113
19129
47377
13446
27645
28173
39030
35956
1442
11783
6784
26484
31198
10671
14014
15097
15639
26769
43473
49760
5546
19118
9231
15992
17928
19124
45361
24482
32006
37642
6562
7470
11871
27811
40185
42109
43214
43608
49666
32902
35818
13894
14359
15995
30285
47309
11525
24928
27642
37259
5070
39274
44796
46286
47393
3214
25028
16576
19042
20218
6605
31167
44588
6300
9496
28552
32116
3586
5404
35743
47993
5260
5295
6155
15836
16879
30366
37516
38479
44624
47352
47492
8252
30172
37499
43719
45737
4530
6251
10615
13153
14154
19375
21481
22350
22555
39407
44425
46808
351
17872
21804
34627
963
16631
17199
44522
40305
1962
36016
19647
35327
48331
44899
19317
21516
28500
37486
24859
34369
16136
22153
34881
37264
9048
8428
10997
13647
24079
29047
45782
11076
15340
18904
22219
34935
36858
37622
42298
44515
1235
25008
36349
5760
6723
11878
46023
45799
45142
20681
25178
27810
28821
40571
1122
6979
13665
22024
24500
24761
25629
26921
31985
36427
15942
26096
405
33237
42719
37340
43623
27120
39162
10120
28473
35316
11760
12807
18774
18844
20973
23758
25213
27641
31277
34457
238
16145
24472
41766
45100
1085
14712
41653
26384
36368
36734
14665
42471
48497
36951
191
41435
48989
15104
17752
19075
42100
22902
33570
36695
40647
40913
46661
47371
11654
20368
33770
46393
47633
47862
18133
47941
24365
7224
15048
40512
1075
9462
12526
13623
18495
23315
23633
37109
38316
40811
45621
46411
48406
831
1339
1733
4870
43634
25558
28660
44985
12146
21476
37719
39024
30283
45309
5972
13526
21756
32435
35524
44908
49041
9609
44251
12965
39637
48953
44131
2456
15098
17175
19281
23288
29281
39893
6651
8299
16072
27840
32644
41204
41372
44264
5207
34368
38286
38522
16963
29088
34771
40014
22853
23028
42459
28767
29367
40075
9498
32419
25749
36521
16233
16573
42687
43870
46496
37379
47597
8983
13867
33145
37037
4369
15262
18828
12899
18756
19190
423
15966
17685
22272
27002
37248
38613
42605
45331
1568
5254
7987
31890
31983
35408
36346
38081
44011
44312
19672
14574
30034
25047
33761
15687
22761
27870
30464
31959
17165
6171
13667
23009
26003
35932
33745
22217
33832
30883
2286
3539
22047
22816
24893
26240
27263
32741
34723
14761
18571
8208
20552
23183
25120
31052
44107
4112
18288
26079
31207
38740
6225
10488
12411
14143
20198
22156
23429
34982
33847
6998
7139
7359
9514
11172
24959
33171
35402
39506
48651
20080
509
5901
25474
40843
9842
28726
2068
14203
37030
38982
49602
49710
2127
23990
25073
6661
17777
8882
9540
44462
1608
26980
29419
22867
25291
29991
34102
39013
40091
46628
5556
38318
12821
37532
40044
42365
47343
19716
25491
43964
23570
27118
39695
44723
45136
46701
6918
9192
27123
31005
32575
33958
39726
45913
17276
28872
17295
27833
37148
40256
47316
47614
3816
4893
8257
11186
17776
33192
39867
22799
593
13645
22211
27243
29470
31189
43578
6233
16762
21695
23537
25197
29081
14476
21076
37837
5144
9446
11304
15238
16581
40837
46506
49844
21172
36515
10469
11093
12237
16801
24237
24546
41327
47186
4260
29518
33561
8479
10538
11288
30222
30248
41546
46837
1318
9245
30249
12981
20595
30936
44507
20318
43170
26359
7833
11586
15560
18053
25365
2632
15876
40805
5243
18304
25648
31214
32788
9414
10931
2344
4597
21227
29502
33593
35678
39188
45087
49090
1775
13473
27415
33174
16150
17931
28749
31045
35088
37934
42628
31490
22210
22545
26448
29705
31307
35353
42837
43255
1807
8044
9042
16240
16949
21202
27121
38999
41332
22099
7933
31090
35663
3714
4117
17839
27346
34166
42756
45843
44890
7198
38556
669
1358
5963
8083
10831
18773
36611
42377
46223
9755
22774
48685
43148
4474
5840
8756
22651
32582
32785
40419
47906
11467
30012
39752
9957
33089
36509
36796
43698
47185
47883
21657
5700
8727
25022
25254
42360
44023
4868
11069
27739
6291
33011
1158
9008
16425
43127
2546
8471
11164
11892
18877
35125
41632
49428
7854
18438
29855
31807
42073
8517
21989
3262
15977
26786
30063
739
10457
22851
30771
33096
41373
46783
12999
6949
29678
30491
9248
19443
26401
34399
38959
41059
1003
2014
8655
10177
16054
25031
27562
28315
30535
30856
31481
11328
13126
33505
45993
7859
20995
42075
47920
48987
7043
7158
49486
30341
46917
34453
44135
6722
11673
17761
47682
1465
14991
2357
3831
7004
22857
28884
29162
30244
32003
13745
15047
13269
40448
14880
9744
38747
2013
17179
38539
17374
18435
18913
9972
10207
10473
20082
23352
39833
15351
33063
41249
47789
1159
16437
19004
38603
33876
44687
10517
2815
11331
36198
39816
44553
49172
4484
5998
11101
12694
13018
14605
18241
27614
27632
31148
1284
12667
30931
31003
20329
23808
30785
23878
39859
40616
4136
16547
38074
9504
27315
30520
502
3415
4522
10063
42145
44100
44701
3076
6975
31947
37849
43841
31862
28601
41077
26049
5408
5883
10728
11891
30077
31876
41476
2717
5466
6201
13396
19111
22083
29903
39142
39318
14611
28278
41475
46664
19034
22334
41720
16864
28579
37831
23473
23070
2400
6727
11730
20682
26682
26804
33136
44122
3866
7046
12502
44783
49697
3937
16344
32905
44176
48609
33442
1195
9400
47739
16521
18842
19038
19186
33918
35748
1184
6323
10569
12801
23280
38154
9955
10434
12761
25724
33787
34055
35475
39729
4534
6312
7041
22175
25288
31872
42596
7691
37818
39794
44895
4945
37150
38650
49506
1620
10511
23514
41086
44432
48092
10031
26713
37428
23085
32363
42170
4033
7142
14411
14835
19662
20251
20630
26379
37044
18050
18864
20723
43279
2506
26741
868
7270
13914
14028
22746
24593
31179
3434
6737
24456
33366
33415
34374
35960
42202
48553
10244
16511
32207
20397
49746
36461
3704
23100
4891
16497
24713
31215
35975
38561
48008
8199
8946
20952
32829
35989
42932
46752
4363
7592
32002
27409
27895
28411
36812
39716
37821
2450
13010
16972
37472
38321
4221
17454
30512
21079
24523
26506
36644
49633
4165
5526
25535
36527
1931
1009
37021
37176
42829
6708
26301
42080
2662
31134
28659
47611
49993
49012
1779
8833
26999
33134
36466
38113
48990
17941
48966
17626
2360
13762
28434
39290
1978
2745
2909
7287
10394
29919
35289
38424
38575
9403
12692
25437
30295
35364
27512
6032
21346
23887
26501
19396
21830
44045
48222
48679
1372
4615
5238
11855
14643
28435
39632
49229
5821
9339
17277
35333
44262
12457
39894
39957
8803
36273
38462
47866
8704
10035
14664
19537
31494
37856
43868
46578
11384
37317
43101
11078
12926
27447
30431
36225
3960
15173
19612
21148
22820
37111
41885
41893
1040
7486
11972
18075
26499
31770
37557
49128
49917
17265
29712
2660
15390
735
4139
7213
21280
26983
37539
43917
46061
20235
24596
32278
33630
12902
7298
8416
31824
34344
44953
23358
23593
43557
10769
18624
27164
29169
41025
42285
43341
4413
7755
8106
31665
32308
12216
18963
37122
2264
10700
27196
32645
35760
4485
20865
25050
25729
27414
28182
45093
49396
564
23637
8354
5621
23546
43055
16728
41560
1328
2589
26446
46392
48751
16667
24094
4710
15682
30417
31648
31822
44181
44768
18427
21561
925
9477
40980
47187
406
3509
9695
26385
26450
34194
42873
43132
45790
2185
11174
1852
5327
8179
34868
36224
36814
36815
40630
41920
9784
30438
30179
18707
22766
31627
40194
18901
24376
38190
11370
14552
21823
36343
44420
527
6428
13050
13674
30639
37398
44250
37571
38145
45947
48686
17995
34925
276
4170
21889
23830
40907
42183
21401
23948
31293
33155
37449
43403
11646
41221
41383
12292
18551
28539
36028
36616
37901
23531
34159
910
2864
10626
26984
31423
35851
39411
34619
45387
49560
5521
17323
32997
35471
36516
40227
46876
1211
4622
6404
13192
18527
21698
28352
32410
34302
38978
43728
47584
49308
33244
38471
11293
11659
11797
12644
26617
46120
11564
13609
18165
23947
28264
36042
49467
6495
8613
16266
25237
31941
39602
1642
34535
37992
22447
24349
36772
47100
111
7238
10494
14052
26473
30900
32662
36911
41193
18833
21757
41026
46517
48290
736
12987
35008
36972
37244
42236
8099
34107
42651
49168
46736
48160
8152
16283
19061
25465
49464
49990
2423
3986
9252
31989
39541
42195
19337
38106
19904
20009
852
10691
33431
11620
20464
15311
16252
18487
21865
24325
29375
34648
28593
37705
44495
26877
45910
19416
34229
23848
26143
36398
15644
558
6269
17520
21809
40564
41695
47362
49684
4353
13996
39978
1622
29435
47787
41882
43009
3401
10560
16587
32939
43754
44394
46449
8899
16983
45230
47855
8618
10568
19832
25364
31488
7721
11893
13913
23812
39249
11711
45610
5252
4986
4987
8930
10938
16258
33185
16321
26444
27030
34417
611
3020
23059
32685
108
5146
5431
22963
27012
33746
5660
12172
22067
22714
23015
33423
40471
42230
23589
9780
10490
27963
30638
31280
43990
15736
19521
22808
28496
30146
38290
42965
6505
9656
33712
5825
6069
35264
40077
42146
43280
15425
3269
21623
22321
23748
25686
25918
27841
29902
33862
41691
6655
25904
32606
8860
18488
24616
24779
45355
48163
2145
2504
8490
16173
26572
33038
42314
45732
45848
48954
4958
5592
25839
28335
28790
31413
32132
34841
43496
48860
12920
21853
31374
49265
7352
8502
11610
21504
2957
12674
22372
24967
29989
35474
43379
43776
45429
18385
29058
39570
32806
28708
37940
41942
16948
42952
46497
15186
40916
6458
44709
45752
9223
11365
21633
24350
20130
31661
532
32096
37199
19157
1501
28237
32558
32674
42150
44042
19336
26138
25182
7640
13063
23776
41710
44530
22811
39658
38439
40615
22313
22802
17662
20346
35638
45438
3547
14804
32186
32828
43303
46729
18634
46932
4723
26574
12511
27457
48614
45166
23491
25786
35035
40551
26895
28839
44710
9278
9783
13184
29387
31859
34356
45829
16176
32630
41238
46376
4643
29883
45588
15771
44314
7304
9545
29660
34630
35862
14024
15166
4087
9542
34638
40006
31638
9619
44193
34541
39997
33448
46725
48738
12683
32874
33222
11793
23641
32220
46483
49963
9595
25638
30570
30797
30873
4287
4636
23455
24997
27778
2493
13686
26320
36540
46494
6237
10208
14029
18563
19788
30525
25037
48255
45034
35811
17068
28666
30395
49466
41243
49510
12013
29379
31504
45983
13214
20922
34922
3364
2704
16170
40975
4911
37949
38549
45748
49731
20570
44166
47807
45009
40662
24760
35758
8242
26043
48366
24789
45440
35872
4520
27384
45994
21651
42058
47642
14194
26950
30095
45402
4409
18885
49971
35018
47184
573
10417
10528
19850
22338
13337
24838
4758
27993
80
13596
22491
22559
33995
10184
21515
1982
26072
48224
20389
35610
9750
26110
38298
46092
34124
23643
28883
47892
3332
5053
33963
7029
16774
32988
46469
12325
16121
22720
30380
13734
42955
32695
5283
18014
20310
28415
37140
29815
32856
40280
42454
18737
23107
27627
33990
22838
48776
31662
39674
45618
17865
23585
24559
28145
40146
47418
11376
14702
21359
18354
2938
7975
33326
20241
20334
45719
285
44066
18662
26434
27371
27549
39771
22437
31021
7770
32931
8607
19937
2212
31616
548
28590
47686
5166
22504
31932
36763
49337
46524
958
9836
15716
19614
3072
5806
3562
29032
47576
12508
16783
30368
45708
45556
13717
48443
18734
22063
23560
30163
30340
47444
17464
33197
41184
47955
6123
22829
15634
24866
24899
34916
39854
604
12789
20506
24508
33837
36881
3130
3893
22368
39132
47766
42652
10321
12102
17977
807
20445
40073
1759
30561
17808
28508
38535
43111
3427
8072
8847
25868
26954
37227
3328
11712
23962
41949
6152
19936
38447
16907
36987
7836
16033
33324
35593
41099
4443
5164
27233
16613
32099
49253
8881
21171
34603
36622
39237
46454
11954
17550
38397
38477
41125
13851
44980
14828
15586
23004
27251
39909
27159
35510
35876
4631
4981
6787
16766
42718
13218
44231
19468
41214
2932
16807
43614
30318
37312
42969
20629
37136
42576
44117
13105
48575
18246
28915
37787
45479
7531
46055
7607
16657
21681
26195
657
2561
17156
49534
9977
24502
11301
49981
13652
15372
29335
29607
36251
37599
5005
34733
36650
13186
16078
17083
49382
7460
39847
2098
17329
31420
34403
41479
44014
11335
15051
39517
46781
3833
14620
21548
44839
23095
49433
1518
1503
29115
33236
33632
36867
13988
25676
43261
16707
28832
29280
17410
48019
28939
29943
35917
37201
4370
6844
40016
10968
26336
30824
37329
39199
41404
38289
3672
19922
26066
9114
29230
38730
4391
33962
46227
8529
45158
931
9894
42816
6628
8217
14496
27540
34273
48149
26528
28010
48616
13092
42609
45203
25653
34767
36541
10753
48864
49201
10104
10428
10760
16877
23933
27212
29216
38012
48997
25485
33914
35428
3736
10292
23056
35470
44041
47290
7898
21257
36916
36132
37655
47680
14367
44952
12725
24357
2184
2681
30803
6321
38170
48513
44580
7429
12188
17860
42888
47687
3283
42460
5360
46204
47467
10766
22384
32458
7663
14425
40320
20664
22300
25035
33066
17544
322
6694
2376
38776
48976
9978
21011
35738
4061
2311
9241
18464
3184
15868
35924
39234
47629
11453
12735
18776
22931
26477
25354
27476
20589
31053
43481
23659
1161
26941
33461
39393
40918
43487
3775
5588
27893
32834
4837
14530
22388
39796
47472
5797
13778
25276
30007
41112
46963
40196
43753
43226
22490
24288
42440
25141
26431
11998
20835
31197
36011
6226
17862
28511
7567
32212
36953
47066
644
6407
12057
12169
26908
28355
29544
36055
45554
49285
19923
22091
9417
18394
46141
7334
9483
12579
1634
34333
40844
42791
45703
2054
9337
13643
13685
34675
3353
47718
20366
24544
3436
14264
18485
31146
38412
2471
20124
33679
41030
43743
11721
11971
46811
12896
13989
31667
34912
38658
46447
48718
1035
7337
9314
12468
17174
45002
45633
12147
43920
48550
4644
18363
43342
28292
35433
2707
13999
32972
48867
6220
32294
34570
10421
18491
25658
36390
4199
28532
33949
35129
36354
31799
34135
13013
33491
18886
22335
26041
30243
31398
4268
9111
15987
34712
37152
3857
26147
13194
31116
38887
21968
33401
36907
49141
14939
20328
34594
14526
47835
18276
19227
28697
32583
478
8046
20677
43205
13366
22542
29946
33986
18555
21630
28562
35706
40561
34026
23765
24307
8817
697
16084
33608
9466
11695
48425
1367
9767
20378
33636
35541
17947
18167
33270
48605
3383
21890
1365
19176
47374
9579
33309
10193
19120
22897
30460
47150
39671
47260
28004
30530
31381
37275
10083
4031
9817
18538
33148
6925
34513
39295
34565
36655
26283
32897
5085
20086
41201
31511
44355
9448
25685
41046
28754
41970
23035
30768
2441
12365
15348
9012
44587
388
4328
12939
16032
38426
5512
21377
46425
23818
45124
45404
5122
18058
28819
33486
43306
42865
2613
2641
5833
15543
26972
6535
35410
21258
47973
21726
25634
9267
24209
28960
13021
23526
45053
33713
9328
3519
17892
25812
40853
11581
44230
48682
15924
46299
226
43858
17849
29031
25245
37724
48368
47526
11201
18116
17601
30094
40982
4153
11727
27417
29120
34939
39866
39208
9912
13007
22435
14345
26087
43880
1160
20272
32538
500
44416
49394
19168
19967
26345
29861
31904
33565
34948
2354
5337
7066
27354
2635
7749
23039
29646
43285
41817
47489
9082
16470
42598
46312
26235
15567
28850
46832
17795
27085
39231
2431
5780
8667
34932
4731
26009
33413
4006
5174
29715
33764
47628
2413
7347
19419
49091
3315
18743
24952
49753
32984
39379
16523
17942
25296
30100
14963
251
12466
43855
16365
18371
46224
47635
4226
4459
12906
7865
29813
30511
34820
38682
10520
23191
26694
28451
31193
48067
14458
11277
14625
16995
22780
28936
44408
19504
38237
14638
11830
16796
29963
33114
22485
45261
14220
9635
10567
16776
18768
32896
33490
8771
32562
41107
12165
33188
10259
21108
25859
4347
4645
26661
1940
22646
8008
19554
31286
43585
5772
12076
16659
22707
17489
24620
44104
5762
7256
31696
40274
21340
34449
21587
31027
39761
12885
42213
48902
16866
19939
25879
27548
39096
7034
42891
11261
14176
15167
616
2385
14562
27714
34969
2190
16607
20226
41480
44142
25678
41564
46821
30257
34154
1497
13074
46232
12386
32775
48608
10247
12996
31246
35491
39754
39890
2379
18186
24216
16804
28374
37231
71
1927
4632
17927
38684
42566
11264
9910
11752
10829
15628
20299
29691
29866
48967
3099
6516
28485
987
1665
12260
14346
13155
16000
9
5584
10729
12243
36415
2101
17646
18896
5958
28669
42115
41857
19764
44160
44643
1637
24123
26280
207
30164
30808
880
3840
17676
25567
11945
40847
41338
9290
11852
19214
21413
38367
40403
21225
9154
25583
47749
49019
35229
40312
2937
24127
8422
11515
2418
30128
9320
29755
14981
16100
32949
35093
46778
47551
22130
30255
32573
34054
44809
46971
14147
19938
34640
47216
49038
28547
38498
25380
35623
36610
14162
24484
48394
12304
34688
38806
16463
21701
14093
33466
31352
7234
33602
1469
10405
26337
14005
12017
11267
16433
20763
45812
645
40327
7924
1378
29265
38070
44133
14188
42307
45661
1133
8841
18953
22449
16683
33287
35571
46124
49755
9065
17093
18815
20231
45091
41544
23219
32125
3512
4554
45216
45417
17070
30038
38272
39727
48778
7211
24926
34533
37984
46746
13835
27287
44202
48849
5075
8775
12086
16874
29371
32067
8864
13431
14469
36491
44667
621
7635
9351
43582
148
43838
47381
26718
30086
33669
35809
40133
4502
20819
32578
40698
16171
30133
30182
43431
44659
48707
10806
15508
46402
48378
11412
16889
46414
21220
1973
14717
20564
29969
32736
3292
43902
29727
15297
42032
48330
11961
15803
37638
1614
17324
21009
3448
44520
45134
9604
19388
29112
21965
28443
7659
35683
46589
14583
29699
747
46972
1299
16318
28720
41944
1030
20558
39683
35537
45712
48569
38827
21736
16056
39960
41730
43013
2915
5223
9993
10993
15755
22603
23934
12383
14422
10984
30048
47437
12437
21052
29916
38478
9430
48461
24329
25170
6444
20468
29410
35633
42070
48085
30915
43335
4679
10723
29917
32511
4040
5055
15157
21297
11289
14167
20099
20105
47997
9331
16414
10041
39020
16189
21882
34681
3499
3417
14317
18061
24906
29888
49605
11860
21129
24830
14962
17922
35720
515
943
38356
45289
2823
24537
14704
44854
1696
15232
15658
37364
39216
11311
28290
7884
24924
24927
45860
25084
29501
45873
23986
40902
11175
41139
26652
9253
44484
47205
39133
11380
4539
7052
8839
10842
32163
38390
400
1975
10443
24421
28478
19308
30378
40594
4861
957
21574
23310
40109
16287
47625
42537
24515
36760
38467
6572
41699
49233
26827
27705
34807
38229
4649
15910
28597
47226
2351
25988
27564
5931
14409
16159
12189
20656
46079
19187
29317
43454
18622
29786
7096
18991
32012
39626
45227
16148
21285
28055
25706
33094
32753
26889
30981
31788
29421
48129
18484
28566
32824
47386
3782
5528
8767
10692
14803
22041
27560
34637
40271
7070
33724
16656
33084
37029
37770
4205
32926
47459
20939
34340
44951
48430
10523
24621
26309
32852
40346
26424
28730
32500
23790
27806
414
15729
27803
34999
11593
37656
44601
11303
12602
12982
29931
40233
42457
4075
40432
28414
44145
8887
28008
44492
22507
32715
6079
3136
8137
40348
49322
1259
12763
29757
58
27748
27990
47548
6643
27228
31369
35844
9224
38503
13537
43925
5757
14501
19105
41324
9026
34011
17992
39080
42548
11196
21977
27032
32742
17889
11643
29292
38280
2804
47252
15865
26493
39493
41515
46937
3288
45798
7603
36879
49166
4932
9145
9889
27828
26252
42040
42864
6474
35076
10966
12416
36941
39040
11486
17205
36684
2421
47351
19406
33870
5709
14624
48191
20333
44346
6945
9704
15120
22716
23889
10713
21406
49662
45491
14911
39398
48080
8194
12513
32438
45369
48556
8824
16824
28304
33210
38971
43444
44099
49543
34262
46500
22317
29572
29838
37734
49812
22759
35964
35651
48491
16029
32127
39064
7264
28811
37174
44173
16106
26840
29455
34877
9343
28581
22407
43718
47844
4078
17249
20110
14122
32588
48928
26873
44704
74
2004
48662
11129
16798
1889
10687
15357
26897
27552
36345
45408
46220
7608
10283
30402
4491
19254
20951
32883
41727
47753
49278
17466
25991
34138
10545
12191
17526
22762
27590
42703
22501
31349
42730
47876
15748
28364
28378
46146
9108
41260
421
35280
8086
16019
21799
22814
34309
42947
46050
47293
8195
42061
7031
13275
21891
22342
8531
9919
14966
35560
46266
483
31698
42438
19234
32147
37453
8189
23208
30921
10872
14363
25577
40917
5138
6122
26305
26472
26271
31513
2795
17855
33843
16316
22996
24074
24109
4232
30418
39703
33877
22753
5382
12937
34306
4402
8253
9156
22075
19693
23023
47951
11834
11459
41376
9526
11275
45422
2999
12024
31901
6618
42641
8956
48355
32474
43218
29935
44130
17227
46534
12608
15893
32033
29374
2019
46114
3601
16299
42267
45132
10081
570
31590
34979
22294
28810
284
42204
803
19960
48402
12395
17309
34825
2914
7227
38244
42009
18221
1268
24896
33335
36661
3695
28556
39891
28908
38334
15105
16538
45150
2860
22553
40438
43142
47219
20866
48004
49334
20579
29837
27527
31152
20928
23221
36961
47079
48774
8792
33073
36690
41994
3777
20493
21720
48703
18628
3122
23719
12639
25366
36921
6758
8039
19878
5678
7726
18767
29073
4775
49558
28104
47445
6116
30229
32533
800
20267
31068
29988
30036
40422
45585
9834
14736
34118
19930
10741
44427
43672
31516
38801
47671
12984
27488
47558
20591
47402
34119
42811
2849
6255
12677
10557
1455
13015
19404
20603
22819
27667
41765
35245
16223
17110
9906
45889
6720
38923
46741
19008
9022
33376
27818
443
17729
24040
26514
31166
32922
9567
39587
36325
11307
26348
32568
28933
39664
35198
43771
4111
10451
6038
18524
7525
25943
30314
34250
29612
31634
18659
15510
3958
34004
19367
7153
18298
10014
29402
19740
36456
38369
30132
10055
48054
29305
27301
41206
960
1313
18940
10570
29898
18791
47015
13029
12521
23917
36651
15179
45850
24823
45392
24668
8876
31429
32456
4926
941
5823
10392
30649
37128
37729
11154
24367
48700
42736
391
6066
13625
22862
19224
32593
26276
290
49080
26178
44868
18775
41431
47641
30440
3925
7827
47775
42731
20674
29666
23384
27075
24913
40650
11517
35737
31175
2609
8073
46459
37688
34666
14133
38906
41511
24132
1258
1679
39610
41346
33701
8176
10932
36643
16094
34324
40971
6134
12727
16041
7839
42895
1109
12089
3059
17412
27204
28707
9623
21468
23683
38799
3183
17913
47942
15041
17747
6716
16385
33093
12114
14415
22362
30844
48919
41862
49533
33347
11735
18196
32106
8957
18894
30126
1492
15183
11877
49279
44512
3128
6328
16
16837
6205
15909
24576
26675
36137
37792
44641
45643
47251
49563
8922
17976
23731
24154
28879
1134
12181
20042
22645
23250
25842
28226
32327
34552
35307
37768
39272
45597
46522
49774
4128
8570
9703
28298
37210
40828
44208
47429
3621
12577
16071
18234
22492
30186
35685
38707
45465
47334
48701
49039
5595
18396
21327
22119
23943
31543
33935
40258
44979
46228
844
13644
25316
27151
28944
42536
48316
21721
23270
23493
26553
28169
28453
32493
33737
45443
12532
27097
30169
38889
40454
43114
49242
49445
15446
35414
45871
6899
8778
11583
19345
22729
36007
36423
42922
49997
6415
14774
15737
23436
30667
7067
10264
14732
22243
23075
23597
23631
29067
30891
33556
35908
39540
40235
45316
3277
6356
8942
12462
15859
30774
38476
41647
46346
20259
22332
48188
49174
20730
31322
43040
3049
8230
18596
20534
22961
23956
43418
49361
3305
6325
10695
31288
33025
33333
36190
36430
43637
46550
48785
5708
6627
6851
12527
14127
31069
36526
38040
19273
35068
41550
44260
46034
48064
4532
10913
23736
26524
8583
10230
10465
14126
16913
28614
32596
41828
46947
2966
6124
14838
15430
21089
28394
41377
41657
953
2876
13753
14930
31730
39504
156
4337
6619
9685
9692
16759
23166
35820
45385
48275
14817
41084
41093
42504
14370
14716
19988
41426
41526
1359
19000
22200
24832
26478
40998
41297
48217
3119
13355
14230
18206
26366
31417
37983
42439
3643
5834
11118
12072
16786
25240
25687
30263
41137
4364
7205
10912
16767
20994
21961
3348
4045
19725
27622
28467
29196
30227
31986
34900
36009
48531
5
2899
6663
6833
9442
23195
24518
27675
46686
47912
49575
49979
696
1780
7339
8523
26318
30471
35273
39045
3900
32313
32968
36482
37209
46293
47668
3064
10346
10886
14841
23159
34223
43488
48040
5710
6861
10424
20324
26608
34409
36403
43800
5966
14685
22186
33755
39218
41385
42479
475
5771
6608
17479
29170
34051
46176
48037
1458
9036
17255
23338
27715
39093
49967
413
4950
9875
20341
24370
46244
2320
14094
14408
15677
18473
22757
36195
36641
37239
39278
44622
124
668
2941
8101
16454
16823
30224
36200
40654
44006
1173
1323
9677
18591
25575
32264
33996
34569
41104
6182
6685
11046
13283
23521
28784
36044
45075
46337
19037
42513
1752
45393
22160
27377
28139
33655
37846
38496
40004
41955
44591
45427
49894
3226
7313
7788
15433
18847
40528
41491
42023
44489
3962
7403
16560
22080
22977
29198
34961
37347
47664
4348
24938
25250
26393
37034
38090
47397
6435
18320
25931
38261
10223
24228
28935
32738
34103
34960
38957
42313
49389
460
3559
19089
24506
26351
37805
40048
40506
18857
18888
36550
37674
42747
8246
8361
17827
25319
29363
30917
31559
41569
41888
45580
48229
15873
8838
11708
15956
17367
25384
32420
33230
35929
42024
48016
243
308
806
1031
1113
1448
1904
1913
1941
2001
2099
2230
2880
3121
3167
3541
4288
4497
5226
5453
5631
5634
5748
5759
6519
6542
6721
6743
6888
7272
7274
7397
7630
7751
8391
8671
8805
9094
10362
10468
10485
10905
11327
11766
12731
13816
14689
14848
14996
15728
15732
15954
15979
16016
16760
16985
16987
17353
17696
17716
17863
18092
18401
18593
18603
19879
20229
20277
20350
20431
20954
21215
21221
21573
21934
22377
22428
22978
23330
23385
23857
24146
24374
24785
24812
24845
24874
25155
25176
25226
25367
25461
25800
25908
26116
26362
27195
27473
28380
28464
28573
29459
29662
30194
30575
30809
30825
30948
31185
31303
31455
31639
31715
32283
32312
32341
32564
32807
33388
34346
34440
34662
35127
35506
35830
35865
35890
35979
36012
36172
36366
36377
36914
37692
38333
38391
38725
38864
39023
39220
39712
40034
40163
40705
40732
40783
40807
41441
41462
41769
41806
41891
42832
43182
43402
43636
43987
44180
44229
44552
44566
44956
46429
46467
47133
47745
48327
49473
49824
79
658
885
975
1261
1267
1572
1946
2133
2146
2183
2229
2437
2522
2593
3238
3447
4063
4224
4373
4394
4490
4973
5024
5030
5502
5591
5844
6207
6221
6290
6386
6692
6886
7396
7742
7900
7911
8589
8645
9030
9372
10225
10715
10975
10990
11073
11295
11358
11472
11780
12281
12576
12788
12936
13044
13568
13660
13784
14373
14413
14809
15038
15091
15229
15702
15860
16232
16320
16491
16639
16849
17001
17395
17644
18068
18240
18564
18996
19103
19567
20758
22011
22289
22523
22919
23388
23557
24110
24117
24259
24428
24855
25013
25336
26310
26349
26378
26568
26591
26911
26977
27267
27416
27471
27649
27694
28058
28860
29658
29677
29833
30032
30196
30381
30830
31072
31422
32559
32594
33170
33339
33389
33504
33708
33790
33811
34128
34469
34667
34923
35167
35214
35274
35431
36165
36185
36656
37716
37958
38094
38409
38546
39332
39644
39805
39843
39910
40218
40371
40710
40748
41419
41548
41871
41971
42104
42315
42393
42470
43050
43108
43209
43260
43556
43726
43747
44053
44518
44677
44965
45140
45177
45926
46004
46297
46565
47170
47245
47794
48176
48252
48262
48350
49232
49721
49882
49976
607
823
1138
1553
2310
2350
2491
2715
2973
3205
3645
3726
3901
4844
5362
5489
5669
5856
5994
6275
6335
6360
6753
7292
7331
7643
7885
8149
8582
8734
9059
9409
9529
9799
10351
10403
10620
11086
11165
11426
11677
12321
12357
13047
13201
13513
13864
13887
14860
15049
15174
15856
16066
16455
16988
17094
17191
17417
17745
17975
18158
18379
19158
19525
19597
19632
20232
20453
20992
21426
21973
22522
22830
22887
22923
23162
23440
23826
25011
25172
25180
25408
25415
25663
25756
25960
26437
26784
26824
27110
27545
27944
28330
28385
28501
28639
28641
28654
28672
28851
28891
28986
28993
29182
29232
29641
30062
30268
30563
30565
31126
31393
31719
32011
32123
32398
32733
32780
33085
33310
33338
34279
34506
35132
35134
35313
35405
35465
35622
36144
36211
36528
37102
37279
37282
37475
37822
38176
38240
38449
38545
38802
38817
38854
39224
39293
39326
39836
39934
40277
40737
40970
41553
41788
42249
42738
42838
42940
43124
43384
43476
43518
43539
43752
44421
44668
44675
45038
45955
46027
46419
46584
46676
46934
47361
47379
48101
48132
48865
49491
49913
821
1236
1735
1930
2007
2195
2211
2987
3316
3734
4235
4463
4684
4709
4881
5492
6012
6730
7117
7123
7193
7306
7820
8090
8129
8639
9301
9785
10127
10231
10550
10937
11389
11827
12161
12563
12685
12900
13162
14341
14534
14607
14705
15334
15448
16453
16517
16747
16934
17381
17558
17578
17584
18848
19065
19989
19997
20266
20492
20666
20697
20718
21031
21513
21652
22201
22700
22864
23238
23444
23492
23527
24340
24406
24877
24909
25014
25381
25432
25679
26057
26132
26666
26817
27755
28825
28853
29158
29399
29447
29533
30085
30123
30130
30334
30469
30473
30509
30620
30933
30941
32086
32275
32359
32728
32745
32857
32998
33099
33830
33888
33973
34042
34321
34664
34762
34793
34894
35234
35293
35616
36170
36283
36593
37631
37670
37727
37784
37814
38085
38256
38486
39044
39154
39368
40184
40240
40338
40436
40648
40985
41842
42066
42148
42319
42784
42819
43107
43664
44510
44925
45047
45058
45173
45741
45912
46143
46538
46699
46700
46856
47023
47110
47347
47512
48529
48726
48810
48817
48936
49661
49951
85
185
504
1080
1246
1632
1803
1893
2410
3339
3860
4283
4657
4822
4851
5246
5452
5518
5683
7025
7080
7111
7322
7367
7803
8113
8713
9375
9484
9714
10070
10484
10588
10747
10764
10825
10943
11016
11039
11298
11922
12168
12486
12647
12795
13166
13342
13710
14578
14666
14813
14977
15410
15817
15851
15936
16120
16134
16446
16514
16930
17066
17120
17957
18772
19096
19142
19475
19539
19630
19692
19721
19949
20101
20246
20278
21392
21920
22386
22609
22775
23236
23747
23784
24250
24992
25515
25898
26010
26458
26476
26586
26905
27543
27807
27905
27920
28628
29706
29766
30918
31107
31403
31882
32191
33799
33917
33929
34251
34300
34671
34756
35337
35619
35942
36233
36405
36441
36876
37484
38657
39343
40248
40339
40509
40876
41929
42053
42191
42394
42781
42827
43034
43852
44249
44342
45088
45222
45451
45482
45483
45880
46042
46340
46855
47012
47145
47228
47612
47627
47726
48465
48690
48983
49161
49164
49540
580
701
751
1106
2043
3631
3679
3832
4432
4452
4467
4663
4860
5100
5344
5921
6137
6410
6648
6768
6960
7039
7475
8029
8473
8498
8966
9014
9366
9597
10216
10255
10496
11381
12167
12238
12698
13039
13889
14060
14944
16139
16420
16628
16640
17069
17422
17661
17923
18283
18568
18616
19081
19501
19928
20037
21281
21484
22218
22440
22641
23516
23668
23835
23856
23989
24358
24729
25029
25498
25614
25647
25874
26278
26316
26554
27025
27404
28475
28744
29052
29404
29542
29583
29728
30237
30786
30879
31220
32057
32300
32358
32552
32580
32841
33031
33138
33262
34212
34389
34661
34835
34865
35203
35670
35856
36029
37208
37368
37852
37871
37909
38062
38258
38541
39034
39424
39503
39949
40020
40040
40097
40190
40389
40414
40578
40743
41050
41216
41838
42248
42257
42597
42712
42970
43691
43937
44013
44842
44978
45488
45663
45724
46462
46877
47050
47204
47423
47542
47615
47655
47979
48764
48933
10
50
744
994
1491
3898
4011
4820
4951
5105
5191
5932
6836
7185
7536
7677
8037
8716
8757
8943
9074
11130
11470
11641
12475
12767
13495
13646
13927
13991
14182
14333
14822
15106
15273
15411
16579
16686
16714
17097
17233
17581
17711
17731
17981
18382
18729
19029
19802
20715
20993
21509
21626
22005
22121
22418
22960
23113
23207
23307
24305
25128
25633
26264
27422
27631
28608
28704
28803
28978
29934
30050
30361
30569
31063
31264
32222
32287
32569
33426
33455
33620
33651
34105
34140
34182
34442
34652
34799
35585
35736
36917
36981
37149
37757
38265
38418
39227
39480
39662
39681
39793
40216
40383
40786
41266
41937
42031
42127
42735
44774
44994
45079
45128
45553
45731
45936
46169
46471
46709
46943
47640
47801
47911
48075
48174
48202
48320
48691
48730
48749
48809
49103
49163
49683
14
670
948
965
1021
1210
1270
1517
2314
2935
2975
3070
3165
3313
3590
3730
3747
4395
4630
4847
4982
5626
5878
6024
6307
6438
6615
6705
6901
7062
7150
7563
8092
8842
9277
9580
9702
10437
10595
10795
11014
11278
11514
11653
12682
13030
13081
13151
13250
13617
13678
14058
14471
15223
15651
15964
16284
16458
16512
16873
16908
17505
17693
17744
18483
19344
19704
19947
20476
21339
21600
22586
22660
22824
23392
23494
24280
24426
25088
25247
25766
25878
26317
26520
26725
26800
26823
26831
26920
27468
27700
27771
27774
27792
28157
28600
29035
29211
29251
29457
30168
30493
30568
30789
31317
31591
31650
32105
32286
32503
33341
35724
36049
36292
36308
36471
36562
37080
37791
37939
38009
38419
38934
38968
39311
39418
39908
39920
40069
40367
40856
40892
40906
42266
42342
42528
42654
42759
43677
43777
44029
44301
44947
45171
45219
46049
46687
46771
47175
47189
47639
47887
48469
48863
48999
49219
49282
49349
49405
49471
49493
49604
49992
8
189
727
892
1174
1421
2244
2405
2414
2462
2463
2556
2699
2803
3515
3542
3616
3812
3847
3885
4876
5692
5778
6684
6884
7221
7504
7566
7906
8267
8282
8419
8897
9464
10516
10909
11553
11723
11899
11943
11983
12564
12715
12844
12924
12925
13798
14159
14517
15246
15513
15678
16231
16754
16886
17290
17362
17682
17983
18681
18701
18976
19543
19599
19954
20148
20183
20344
20735
20958
21376
21389
21390
21598
21947
22460
22696
23126
23302
23345
23509
23663
23927
24102
24424
24694
25006
25016
25805
25944
25972
25998
26007
26644
26722
26967
27128
27279
27395
27626
27665
28699
28752
28814
29018
29083
29601
29877
29933
29940
30812
30906
30980
32030
32048
32392
32928
33149
33596
33627
33805
33873
34292
34915
35109
35852
35867
36352
36700
36887
37093
37353
37567
38126
38250
38402
38463
38610
38885
38915
39401
39514
40380
40644
40873
41693
41979
42386
42616
42797
43186
43366
44575
44838
45143
45190
45462
45915
46395
47149
47270
47401
48007
48323
48328
48777
49554
49670
183
228
917
966
1013
1305
1456
1844
2279
2399
2528
2705
3010
3157
3195
3618
6062
6456
6963
7245
7458
7554
8010
9180
9227
9419
10324
10462
10565
11122
11326
11631
11817
12046
12446
12617
12681
12689
13403
13600
13702
14529
15350
15502
16028
16660
17091
17245
17559
17708
17877
18042
18195
18328
18638
19676
20184
20219
21026
21091
21418
21432
21459
21700
21704
21768
22058
22322
22538
23041
23634
23735
24222
24850
25430
25504
25562
26130
26202
26297
26381
26541
27711
28404
28748
28981
29095
29643
29713
29714
30064
30155
30300
30356
31131
31170
31448
31880
31937
32639
33301
33531
33905
33911
33964
34134
34263
34342
34562
34724
35155
35249
35379
35608
35897
37245
37752
38305
38407
39562
40209
40703
41173
41881
41943
42369
42445
42557
42817
43026
43173
43721
43847
44033
44307
44867
44957
45334
45454
45506
45515
46002
46974
47002
47134
47357
47732
48439
49043
49681
306
705
1241
1948
2283
2416
3001
3125
3235
3474
3513
3864
4440
4724
5340
5573
6761
7026
7773
8255
8315
9908
9932
11691
11698
11755
11804
12149
12520
13239
13242
13525
13970
14054
14508
14713
15121
15204
15525
15690
15872
16305
16417
17241
17908
17909
18279
19213
19600
19950
19964
19993
20253
20276
21590
22237
23268
23387
23489
23519
23850
24038
24810
24864
25356
25391
27155
27767
28218
28705
29441
30215
30767
31518
31779
31915
32252
32466
32784
32799
32876
33253
34006
34331
34718
34828
35151
35478
36576
37559
38118
39012
39169
39353
39560
39907
40009
40068
40093
40696
40948
41288
41757
42017
42329
42501
42721
42914
43149
43184
43244
43291
43429
43705
44333
44572
44645
44719
44948
44955
45893
45945
46163
46553
46683
47076
47528
47613
48189
48198
48744
48880
48974
49075
49135
49139
49408
49536
49998
403
790
1302
1385
2831
2841
3103
3284
3789
4229
4660
5655
5677
8304
8648
8675
8714
8931
8999
9743
9943
10971
12846
13115
13399
13425
14232
14502
14621
15244
15374
15582
16031
16179
16237
16343
16713
17225
17393
17574
17689
17798
18080
18137
18259
18318
18612
18843
18893
18984
19058
19661
20224
20454
20833
21004
21114
21449
21688
21713
21839
22528
22812
23566
23815
24736
25440
25683
25746
26570
26925
27776
28349
28741
29098
30267
30365
30687
31387
31476
31631
32524
32565
32720
34098
34434
34615
36021
36026
36169
37369
37647
39025
40336
40355
40463
41223
41487
43276
43793
44393
44526
45320
45694
45767
46129
46887
47146
47453
47648
49386
49393
49508
49671
49685
49747
49820
326
469
1039
1549
1603
1781
2266
2356
2533
2719
3150
3465
3476
3505
3993
4126
4541
4944
5273
5612
5919
6351
6402
6780
7338
7411
7461
8590
8626
8634
9072
9719
10334
10459
10478
10482
10561
10828
10846
10930
11611
12430
12777
12951
13136
13171
13329
13334
13500
13705
13724
14656
14675
14734
14859
15130
15144
15188
15264
15838
16366
16377
16749
16912
17056
17532
17627
18823
18912
19119
19467
20495
21136
21302
21522
21795
21984
22516
22747
23046
23276
23438
23741
23938
23957
24212
24229
25227
25811
26154
26361
26640
26749
26887
26938
27355
27741
27915
28288
28499
28930
29358
29710
29959
30750
31178
31353
31499
31536
31693
31792
33120
33946
34458
35540
35563
36716
36889
37119
37203
37341
37633
38442
38631
38825
39073
39763
40099
40340
40688
40993
41031
41698
41864
42182
42391
42675
43056
43560
43863
44481
44741
45626
46234
46651
46851
47579
48284
48462
48713
54
177
255
357
470
1012
1045
1283
1710
1899
3034
3366
3475
3514
3810
3909
4047
4319
4549
4555
4972
5051
5287
6016
6662
7400
7526
7772
7796
7907
8605
8674
9491
9577
9586
9729
9770
9886
10512
10578
12247
12285
13083
14003
14021
14414
14644
15792
16288
16426
16565
16671
17033
17411
17543
17557
17848
18406
19480
19863
20437
20525
21040
21437
22038
22085
22349
22744
23140
23495
23548
23841
23903
23955
24297
25021
25091
25376
25398
25544
27068
27088
27101
27319
27359
27433
27875
28297
28554
28578
28710
28768
28788
28990
29222
29511
30677
30983
31151
31609
31704
31760
31805
32269
32632
33062
33165
33535
33552
33557
35050
35060
35646
35982
36098
36632
36769
36860
37008
37290
37504
37556
38698
38719
39160
39246
39735
39777
40483
41035
41319
41602
41787
42092
42312
42464
43321
43551
44062
45129
45358
45828
46099
46280
46289
46357
47172
48397
48528
48709
48874
49046
49520
49881
192
743
1265
1322
1397
1499
1516
2037
2318
2409
2542
2761
3398
3550
3551
3807
4082
4472
4980
5673
6115
6607
6687
6697
6756
7012
7342
7464
7771
7845
8022
8045
8408
8540
8974
9032
9062
9825
11342
12130
12342
12626
12760
12960
13438
13556
13572
14172
14353
14545
14669
16364
16568
16615
16975
17300
17378
18100
18502
18820
19372
19771
20707
21868
22059
22234
22282
22410
22910
23062
23332
23703
24069
24150
24794
24979
25036
25233
25298
25476
26380
26577
26638
26659
27295
27557
27951
28031
28527
28611
28876
28882
29392
29444
29514
30208
30542
30584
30718
31017
31493
31603
31625
31753
31875
32464
33689
33785
34371
34907
35255
35336
35637
35812
35985
36472
36683
36752
37456
37576
37989
38111
38416
38754
39323
39471
39491
39966
40158
40259
40410
40415
40488
40623
40700
40711
40840
41333
41485
41494
41992
42229
42558
43257
43312
43549
43665
43746
44621
44632
44828
45314
45319
46170
46642
46654
47419
47555
47586
47860
48296
49087
49115
49132
49209
49369
49714
49842
52
67
525
945
1262
1562
2070
2676
2952
3212
3252
3584
3735
3981
3983
4429
5152
5264
5356
5869
6153
6332
6361
8658
9490
9931
10564
10675
10750
11079
11131
12164
12231
12465
12596
12973
13514
13534
13540
13548
14522
14881
14887
14968
15035
15042
15480
15519
15565
15799
16181
16363
16675
17218
17311
18065
18732
20444
20924
21303
21337
21674
21883
21925
21931
22983
23225
23602
24373
24752
24869
25314
25372
25817
25818
25952
26267
26273
26291
26369
26855
27046
27399
28122
28125
28202
28281
28528
28725
28791
29011
29314
29366
29850
30247
30449
30505
30648
31075
31209
31874
32537
33249
33293
33529
33670
33710
34206
35991
36105
36280
36372
36469
36717
36883
37594
37603
38102
38285
38310
38660
38712
38789
39038
39114
39331
40223
40933
40941
40943
41140
41405
41406
42047
42055
42194
42521
42544
42764
43075
43329
43607
43644
43647
44582
45531
45652
45991
46579
46846
47340
47353
47881
47917
48012
48689
48803
48921
49849
49865
441
445
767
843
1092
1105
1776
1866
2372
3478
3482
3813
3998
4094
4154
4273
4435
4457
4540
4846
5170
5176
5319
5342
6072
6114
6317
6594
6846
7252
7485
7543
7780
7832
7989
8060
8188
8664
9178
9250
9469
9534
9721
9840
10134
10176
10734
11568
11590
11676
11897
13068
13230
13262
13560
14022
14614
14640
15092
15141
15256
15415
15978
16789
16901
17015
17123
17288
17538
18003
18461
18990
19040
19298
19622
19910
20322
20332
20776
21322
21812
22878
22925
23027
23254
23636
23658
23777
23890
24108
24937
25788
25795
26206
27114
27351
27541
28465
28540
28595
28886
29048
29298
29490
29841
30054
30790
31086
31101
31121
31138
31281
31449
31517
31676
32658
33251
33534
33889
33943
36572
36706
36937
37426
37517
37662
37710
37799
37868
38204
38436
38618
38787
38838
38861
38912
39650
39974
40230
40484
40579
40595
40771
40885
41076
41340
41460
41982
42102
42233
42263
42870
43104
43458
44345
44391
44419
44625
45753
45914
45920
46029
46218
46233
46295
46847
47102
47387
47446
48184
48236
48939
49421
49454
49517
49872
49925
520
1496
2436
3808
4172
5315
5549
5561
5579
5814
6075
6283
6299
6432
7076
7831
7927
8030
8202
8286
8380
8600
9329
9684
9763
9831
10037
12474
12624
12701
12787
13060
13198
13408
13790
15743
16115
16435
16483
16633
17059
17135
17137
17244
18263
18716
18785
18794
19125
19781
20003
20798
22496
22499
22540
23049
23265
23645
24819
25097
25518
26334
26468
26851
27063
27193
27636
27849
28735
28892
29138
29171
29181
29390
29508
29697
30348
30392
31145
31171
31199
31225
31356
32151
32513
32669
32894
32917
33282
33748
33821
34070
34168
34426
35028
35799
36129
36232
36336
36373
36903
36920
37683
37824
38219
38851
39299
39397
39494
39569
39918
39984
40391
40835
41378
41843
42388
42515
42768
43313
44143
44647
45109
45176
45571
45606
45963
46792
46927
47055
47440
48515
49274
49317
205
458
584
635
691
1107
1166
1178
1183
1191
1459
1760
2056
2397
2559
2638
2794
3801
3827
3922
4570
4780
5379
5520
5547
5953
6413
7089
7206
7266
7321
7489
7550
7971
8216
8348
8359
8381
8989
9667
9680
10116
10584
10812
10915
11157
11364
11491
11609
11801
11951
12451
12688
12782
12879
13101
13249
14192
14748
14779
14796
14836
15202
15403
16468
16799
17434
17441
19099
19202
19374
20203
20284
20919
21500
21562
21593
21793
22046
22358
22604
22741
23076
23498
23694
24230
24261
24614
24849
25602
25983
26340
26414
26441
26849
26964
27731
27947
28032
28175
28479
28582
28959
29293
29606
29683
29729
31335
31341
33082
33819
33991
34601
35052
35596
35815
35847
35952
36092
36347
36715
36727
36790
36813
36950
37205
37744
38195
38245
38520
38643
38731
38850
38897
39172
39510
39810
39814
40039
40322
40676
40781
41146
41149
41180
41351
41776
41801
42387
43087
43442
43610
43845
44266
44363
44387
44439
45234
45501
45622
46215
46245
46308
46962
46970
47463
48124
48187
48324
48433
48489
48742
48813
49191
49497
49871
695
1167
1312
1769
1872
2205
2512
2913
2978
3000
3158
3633
3754
3845
3950
4129
4608
4924
5776
5925
5993
6085
6515
7283
7423
7491
7881
8385
9105
9308
9428
9523
9746
10361
10887
11729
11758
11926
12105
12392
12559
14311
14315
14480
15194
15414
15945
16177
16313
16835
17039
17085
17142
17209
17217
17268
17510
17695
18518
18530
18654
18801
18821
18910
19050
19087
19592
19729
20238
20371
20859
21234
21640
21735
21814
22135
22479
22787
23164
23331
23613
23732
24051
24560
24607
24677
25318
25413
26918
27307
27556
27738
27926
28126
28132
28461
29269
29685
29846
30026
30027
30211
30711
30733
31176
31567
32297
32383
32553
32721
33336
33634
33635
33727
34099
34157
34577
34978
35061
35230
35275
35358
35514
35625
36287
36543
36699
37135
37511
38593
39118
39126
39273
39797
39807
40406
40821
41326
41461
41886
42111
42156
42169
42975
43212
43802
45172
45211
45697
47013
47056
47646
47712
48263
48485
49315
49509
49627
49810
240
597
1062
1066
2140
2902
2929
3644
3944
3961
4036
4214
4274
5711
6028
6224
6461
6620
6841
7454
8312
8339
8410
8461
9104
9443
9453
10268
10336
11306
11310
11477
11672
11902
12836
13320
13501
13512
13657
13765
13838
15043
15376
15506
15630
15694
15811
15922
15950
16280
16379
16647
17414
17615
17906
18203
18218
18273
19117
19159
19194
19264
19517
19522
20355
21279
22739
22992
23511
23783
24275
24530
24581
24689
25049
25211
25435
25510
25626
25635
25856
26398
26631
26721
26864
26998
27115
27259
28000
28130
28649
29137
29857
29869
30280
30355
30379
30949
31059
31163
31633
32402
32403
32609
33107
33589
33721
34584
34869
34902
35005
35837
35899
35959
36220
36842
36945
36959
37022
37088
37091
37121
37142
37618
39817
39956
40117
40208
40497
40638
40667
40671
41366
41451
41583
41774
41990
42706
43730
43778
43823
44244
44298
44505
44569
44737
44755
44896
45169
45258
45498
45579
45754
45817
46127
46214
46636
47041
47080
47287
47359
47623
47690
48242
49240
49438
49518
49603
49769
49919
49942
216
302
412
492
716
897
1602
1770
2087
2749
2837
2908
3152
3198
3219
3392
3705
3814
3975
4012
4503
4952
4967
5199
5348
6944
7513
7629
7774
8128
8317
8784
8903
9208
9658
10002
10227
10293
10325
10603
11323
11528
11749
11896
12499
12913
12918
13026
13332
13860
13956
14299
14594
14764
14849
15440
15456
15894
16429
16477
16569
17079
17139
17620
18035
18040
18907
18947
19055
19503
19548
19556
19576
20090
20648
20790
21252
21336
21443
23312
24272
24316
25077
25650
25705
25714
25903
26034
26677
26748
26781
26836
27261
27659
27799
28187
28587
28813
28874
29534
29880
31058
31227
32239
33965
34337
34410
34423
34436
34537
34669
35392
35983
36187
36851
37144
37294
37319
37358
37887
38294
38929
38967
39655
39947
40643
40920
40988
42119
42180
42214
42584
42924
43297
43472
43722
43799
44679
45189
45192
45270
45674
46268
46444
46613
46751
47182
47462
47773
47804
49136
49584
49945
28
559
618
955
1151
1537
1878
2139
2484
2586
2649
2788
3090
3182
3197
3241
3602
3759
4292
4610
4867
5233
5313
5333
5570
5803
5887
6039
6120
6173
6467
6936
7149
7191
7314
7523
7869
7876
8676
8679
8698
8952
9038
9210
9272
9313
9517
9605
9918
10256
10679
10779
10787
10902
10917
10974
11026
11281
11408
11418
11573
12004
12084
12344
12737
13357
14164
14873
14954
15605
15614
16383
16720
17279
17748
18303
19952
20503
20675
20977
21206
21253
21632
21706
22198
22810
22941
23232
24139
24281
25429
25529
25875
26325
26350
26582
26584
26875
26926
27082
27100
27234
27260
27853
28857
29624
29799
29816
30428
30898
30939
31040
31206
31460
32329
32386
33112
33567
34101
34314
34719
35016
35674
35831
35861
36046
37318
37405
38055
38065
38101
38792
39455
39492
39522
40174
40516
40524
41123
41804
41950
41985
42121
42481
43135
43620
44390
44558
44729
45555
45654
46160
46608
47159
47276
47392
47744
47832
48097
48171
48356
48861
49003
49101
49147
49208
49269
49986
1004
1042
1338
1341
2386
2466
3161
3244
3486
3776
4038
4088
4140
4538
4823
5301
5719
5974
6074
6815
6990
7437
7858
7940
8350
8547
8753
8797
8813
8938
9060
9486
10893
11377
11725
13584
13689
13885
15078
15466
15571
15669
15884
16229
16922
17336
17572
18426
19791
20361
20820
20862
21350
21725
21848
22311
22402
22984
23471
23622
23866
23941
24334
24532
25193
25566
25829
26059
26099
26560
28007
28927
29111
29543
29947
30371
30526
30664
30760
31999
32021
32340
32903
33311
33599
33798
34892
35232
35314
35880
35958
36192
36391
37032
37482
38032
38172
38183
38323
38408
38500
39005
39043
39103
39454
40110
40112
40251
40354
40554
40903
41041
41048
41320
41622
41783
41854
42674
42740
42744
42774
42779
43119
43565
44478
45428
45830
45868
45924
46194
46607
46884
46983
47126
47280
48542
48826
49373
49571
49957
250
305
442
454
854
855
1691
1828
1900
2483
2495
2653
2856
3719
3843
4003
4427
4772
5069
5186
5242
5939
6165
6639
7065
7432
7642
7871
7897
8305
9044
9177
9282
9803
10103
10291
11168
11292
11546
11617
11889
12028
12480
12664
12751
12842
12871
12934
13389
13841
13953
14609
14758
14853
15015
15137
15423
16085
16207
16872
17036
18540
18585
18749
18835
19442
19969
20000
20531
20594
20825
21196
21267
21503
22233
22312
23037
23192
23481
23822
23846
23922
24617
25083
25287
25502
25718
27621
27928
28222
29128
29192
29289
30390
30659
30796
30999
31383
31464
31524
32309
32362
32880
33003
33435
33703
34066
34132
34598
34663
34696
34872
35650
36008
36594
36872
37345
38103
38646
38991
39121
39289
39885
40167
40324
40377
40978
41370
41675
41773
42079
42223
42462
42577
42633
42708
42753
43094
43146
43544
43832
43912
44022
44024
44051
44178
44241
44344
44977
45162
45527
45559
45591
46123
47441
47796
48915
48975
49068
49376
49547
49931
17
127
493
678
826
1015
1073
1112
1264
1994
2119
2234
2942
3522
3693
3934
4052
4152
4470
5015
5275
5391
5712
5793
5828
5829
5890
6100
6186
6218
6902
7056
7389
7503
8155
8432
8506
8933
9373
9616
10119
10693
11488
11879
12888
12983
13038
13236
13967
14228
14267
14472
14846
14938
15005
15032
15199
15476
15492
15529
15589
16048
16826
17385
17535
17684
17691
17832
18420
19174
19403
19715
19931
20462
20852
21015
21534
21859
22162
22297
22718
22952
23340
23911
24073
24218
24355
24495
24563
24599
25351
25468
25574
25973
26149
26451
26692
26768
27048
27526
28106
28459
28973
29430
29453
29635
30102
30338
30387
30413
30601
30623
31159
31304
32138
32830
33235
34025
34480
34683
35213
35438
36581
36599
37221
37540
38811
38961
39431
39657
39952
40168
40177
40212
40950
41402
41909
41911
42302
42431
42907
43265
43301
43344
43579
44112
44114
44524
44698
45267
45492
45560
45927
46001
47033
47075
47304
47375
47447
47669
47776
48021
49134
49484
49859
49886
275
292
361
577
1536
1681
1796
2692
2722
3046
3141
3815
4028
4748
4903
5610
6023
7434
7606
7904
7969
8065
8363
9053
9075
9688
10199
10559
10562
11136
11340
11416
11567
12651
12752
13711
13896
14642
14975
15326
15570
16721
16723
17031
17076
17092
17757
17911
18012
18129
18388
19236
19275
19360
19513
19934
20028
20091
20519
20754
20831
21310
21528
21668
21709
21866
22666
23336
23596
23896
24034
24459
24461
25292
25370
25791
26494
26765
26884
26903
26971
27639
27831
28101
28502
28620
28670
28845
29049
29178
29309
29560
29852
29978
30502
30894
30938
31708
31731
32098
32296
32337
33278
33414
33445
33989
34113
34117
34268
34276
34593
34795
35210
35281
36221
36235
37115
37267
37385
37437
37913
38098
38726
38882
39268
39778
40084
40106
40204
40241
40289
40333
40364
40770
40799
40812
41719
41753
41986
42264
42771
43851
43922
44480
44565
44845
45015
45405
45935
46185
46306
46872
46890
48025
48506
48797
49617
49642
318
503
718
889
890
937
1643
1922
2059
2063
2566
3293
3561
3663
4092
4134
4212
4213
4426
4559
4678
5364
5698
5960
6000
6381
6870
7499
7734
8067
8225
8791
8825
9257
9300
9340
9627
9651
9679
9693
10445
10789
11207
12557
12744
12748
12775
13150
13392
13598
14064
14076
14284
15428
15823
15962
16073
16096
16687
17253
17328
17432
17806
17894
18431
18643
19323
19358
19538
20052
20501
20710
21677
22144
22227
22550
23577
23766
23975
24512
24786
25068
26031
26372
26452
26516
26530
26672
26697
27201
27506
27855
28207
28224
28497
28519
29516
29759
30017
30312
30396
30680
30914
30929
31396
31800
32075
32851
32964
33000
33619
33735
33794
34475
34481
35642
35848
35922
36060
36164
36486
36563
36927
36988
37411
37554
37962
38729
38903
39258
39550
39708
40601
40609
40787
41311
42225
42286
42333
42531
42850
43274
44196
44702
44912
45386
45391
45593
45655
45757
45886
46558
46581
46694
46712
46992
47243
47786
47825
47903
48216
49460
49776
494
595
654
935
1147
1254
1357
1401
2181
2363
2415
2422
2474
2498
2854
3163
4186
4728
5192
5205
5282
5318
5668
6430
6695
6766
6950
7647
7720
7819
7934
8382
8393
8787
8836
8907
9762
10000
10749
10877
10998
11543
11642
11666
11920
12177
13770
13969
13972
14030
14087
15133
15189
15304
15413
15572
15754
16485
16541
16857
16895
16989
17334
17335
17512
17641
17719
18082
18313
18469
19698
19761
19762
19842
19893
21523
21565
22345
22580
22616
22622
22673
22876
23185
23213
24604
24764
25929
26063
26114
26164
26687
27103
27174
27542
27701
27716
27815
27892
28017
28375
28466
28612
28700
29201
29307
29331
29336
29342
29932
29957
30055
30266
30912
31016
31540
31658
31973
32066
32288
32556
32663
32727
33205
33209
33429
33590
33706
33835
34243
34255
34631
35354
35513
35520
35526
36035
36120
36146
36228
36693
37354
37715
38386
38411
38750
38918
39070
39376
39912
40003
40103
40284
40368
40460
40790
41205
41290
42029
42493
42572
43002
43078
43236
43628
43872
43995
44004
44106
44243
44538
44628
45012
45224
45499
45692
46077
46083
46253
46745
46801
46899
47254
47764
47772
48546
48656
48732
48996
49311
49397
221
256
590
627
871
1127
1330
1566
1625
2083
2278
2658
2892
3376
3494
3611
3879
3953
4151
4223
5078
5274
5805
6059
6276
6696
7092
7254
7572
8043
8151
8510
8603
8950
9181
9634
9659
10308
10767
10805
10918
11325
11454
11540
12066
12268
12275
12280
12403
12781
12857
13008
13212
13297
13352
13535
13672
13752
14389
14532
15665
15752
15886
16220
16251
16389
16883
16904
17003
17321
17463
17529
18665
18671
18782
18951
19230
20155
20157
20621
20880
21317
21349
21399
21444
21696
21907
21916
22065
22278
22936
23578
23686
23751
24009
24346
24635
24998
25030
25072
25081
25565
26085
26365
26443
26455
26599
26607
26835
27446
27531
27650
28013
28025
28736
29798
30105
30112
30310
30528
30991
31066
31233
31574
31599
31707
31814
32216
32423
32664
32940
33203
33365
33685
34527
34588
35006
35461
35795
35845
36141
36145
36422
36829
37526
37733
37774
37880
38661
38665
38769
39092
39179
40409
40550
40690
40872
40929
40997
41072
41490
41575
42593
43066
43082
43817
43965
44138
45282
45787
46296
46436
46570
47082
47183
47535
47936
48195
48435
48514
48802
48875
48935
49056
49149
49307
49654
49695
496
761
956
1543
1582
1706
1839
1997
2811
3389
3449
3592
3740
4054
4560
4832
5615
5722
5724
5737
6654
6751
6843
6857
7028
7173
7496
7649
9671
9712
9887
9984
9996
10039
10450
10500
10660
10952
11205
11702
11737
11923
12112
12610
13330
13555
13671
13697
14027
14205
14510
14511
14604
15394
15765
15839
15845
16302
16606
16951
17018
17100
17115
17818
18043
18441
18526
18686
18688
18693
19253
19618
20261
20510
20587
21130
21363
21740
22137
22592
22664
22698
22731
23212
23714
23775
23872
23965
24299
24825
25150
25547
25649
26868
27205
27362
27534
28149
29104
29332
29584
29789
29937
30258
30423
30554
30911
31102
31196
31345
31583
31795
31839
31967
32188
32509
32766
32847
32882
33067
33367
33499
33640
33659
34804
34914
35233
35380
35389
35684
36183
36209
36256
36401
36451
36721
36795
36819
37041
37185
37600
37613
37676
37746
37794
38071
38135
38591
38939
38973
39116
39143
39531
39781
39840
41268
41294
41552
41792
42304
42367
42430
42693
43113
43764
44472
44837
45127
45354
45733
46040
46349
47059
47090
47500
47601
47645
47707
47943
47994
48063
48818
49556
49565
49763
932
1169
1207
1228
1240
1347
1812
1843
2006
2154
2549
3004
3393
3433
4320
4934
5267
5522
5882
5898
5991
6093
6514
6955
7502
7777
7877
8000
8056
8121
8336
8425
8940
9080
9189
9374
9389
10025
10096
10262
10969
11061
11560
12310
12784
13053
13117
13340
14380
14443
14596
14629
14680
15064
15131
15321
15497
15546
16278
16380
16402
16678
16884
17163
17803
17823
17964
18343
18360
18380
18387
18471
18490
18766
18845
18856
19428
19482
19518
20008
20283
20343
20386
20559
20651
20680
21047
21063
21388
22327
22469
22510
22643
23104
23206
23253
24242
24258
24353
24451
24499
24615
25079
25896
26170
26189
26465
26523
26611
27023
27580
27600
27624
28344
28572
28762
31482
31948
32118
32168
32495
33152
33358
33371
33562
35301
35911
36024
36091
36205
36857
36897
37764
38134
38308
38363
38433
38757
38951
39215
39317
39946
40381
40385
40810
40999
41279
41339
42173
42382
42500
43533
43583
44028
44110
44175
44327
44817
44993
45157
46540
46708
46959
47039
47106
47129
47814
48379
48428
49182
49281
49420
49648
49715
49808
49923
49991
208
1177
1483
2009
2551
2728
3035
3817
3911
5169
5503
6368
6457
6526
6767
7707
8539
9424
9506
9639
10444
10712
11099
11159
11257
11591
11622
11858
11887
11919
12085
12150
12387
13353
13910
14270
14485
14799
15031
15226
15638
15641
16055
16093
16655
16661
16663
17248
17308
17904
18204
18257
18510
19723
19974
20129
20168
20268
21453
21584
21707
21787
22100
22302
22503
22535
22583
23002
23050
23523
24286
24804
25348
25734
26027
26052
26483
27067
27137
27309
27742
28015
28046
28609
28950
29395
29412
29778
30083
31722
31812
31818
32370
32835
32946
33393
33544
34497
34596
35399
35591
35931
35971
36079
36388
36432
36501
36885
37376
37806
38368
38654
39236
39339
39482
39659
40225
40279
40682
41215
41270
41400
41456
41629
41660
41823
42113
42336
43440
43659
43740
43827
45278
45381
45707
45772
46325
46935
47098
47503
47505
48193
48993
49452
49512
104
817
1087
1119
1148
1732
1816
1952
2252
2872
3844
4098
4200
4207
4420
4762
5062
5135
6422
6554
6647
6777
7133
7468
9055
9237
10785
11048
11800
11906
12117
12378
13400
13666
13677
14112
14339
14393
14474
14543
14767
14973
15533
15561
15831
15837
15943
16939
17263
17536
17645
18024
18373
18403
18440
18788
19200
19446
19679
19682
20289
20668
21115
21811
22108
22171
23415
23479
23532
23767
24801
25585
25623
25748
26232
26712
27563
27789
28446
28514
28691
28808
29123
29204
29362
29500
29853
30093
30216
30282
31208
31229
31364
31563
31757
31870
32089
32262
32428
32526
32623
32691
32737
33396
33397
33520
33880
33894
33922
34068
34112
34179
35451
35713
36082
36320
36774
36801
37266
37441
37607
38072
38089
38592
38599
38620
38638
38759
38855
38993
39260
39269
40203
40249
40956
41098
41257
41328
41594
41688
41946
42301
42477
42535
43099
43133
43208
43830
44149
44644
45003
45766
45818
46401
46510
47318
47370
48093
48315
48885
49048
49392
49653
49656
49784
49813
162
396
1065
1291
1375
1788
1950
2618
2650
2706
2753
2965
3056
3088
4059
4241
4600
4609
4651
4715
5077
5249
5871
6313
6441
6666
6691
7175
7260
7279
7450
7944
9441
9465
10075
11094
11375
11534
11655
11809
12137
12228
12306
12380
12536
14088
14250
14253
14901
15050
15251
15388
15562
16068
16166
16493
17293
17359
17774
17949
18506
19010
19450
20139
20964
21877
22495
22629
22968
23079
23739
23811
24324
24886
25542
26502
26535
26557
26676
26795
27337
27406
27611
28372
28982
29749
30028
30214
31259
31376
31525
31725
32380
32451
32459
33296
33623
33758
33940
34297
34439
34487
34536
35075
35721
36293
36512
37617
37653
37832
38066
38342
38499
38606
38742
39770
40247
40739
41116
41190
41429
41914
42091
42176
42698
42814
42843
42927
43275
43622
43683
44031
44234
44557
44864
45366
45537
45567
45598
45684
45819
46032
46064
46226
46250
46946
47443
47688
48057
48206
48234
48332
48429
48472
48687
48812
49360
49391
996
1048
1239
1444
1651
1821
1956
2245
2575
2920
4219
4537
5728
5812
6040
6048
6175
7214
7417
7816
8331
8794
9205
9422
9596
9654
10133
10258
10586
11291
11388
11536
11550
11675
11849
12129
12613
12874
13113
13804
13818
14016
15143
15688
15802
15907
15927
16341
16621
17445
18187
18290
18319
18750
18878
18908
19092
19162
19585
19899
19959
20104
20321
20398
20533
21042
21046
21256
21457
21880
21944
22370
23146
23152
23368
23380
23468
23753
23974
24430
24646
24663
24722
24743
24871
25385
25397
25779
26151
26281
26353
26695
26935
27225
27733
28152
28177
28336
28671
29060
29243
29302
29448
29498
29639
29847
30145
31235
31500
32333
32437
32454
32476
32778
32958
33281
33370
34290
34602
34775
35146
35174
35357
36020
36500
37514
37581
37785
38048
38345
38482
38494
38718
38734
39253
39714
39832
39853
39971
40431
40496
40854
41053
41167
41234
41252
42418
42447
42889
43298
45016
45595
45667
45669
45998
46248
46326
47006
47067
47085
47202
47452
47564
48211
48490
49423
49621
49665
49806
49879
49935
91
321
536
893
1198
1725
1865
2570
2751
3837
4056
4191
4476
4604
5047
5081
5332
5433
5476
5564
6478
6788
7104
7120
7500
7644
7821
8785
8981
9165
9467
9867
10054
10238
10357
10411
10591
10808
10870
10982
12053
12230
12324
12496
12893
13119
13821
14379
14504
14741
14872
15219
15302
15450
15617
15784
15848
16213
16309
16359
17130
17735
18453
18481
19049
19347
19789
19994
20173
22094
22755
23241
23506
23682
23745
24107
24383
24402
25349
25877
25933
26064
26250
26515
26647
26830
27438
27966
27976
28328
28339
28516
28868
29343
29870
30273
30567
30668
30846
30855
30896
31377
31433
32042
32204
32628
32865
33129
33234
34188
35138
35557
35581
35648
35802
36244
36569
36583
38713
38932
39340
40555
40612
41143
41715
42474
44221
44324
44586
45180
45944
46891
47088
47626
47706
47827
48050
48102
48591
48620
48868
49026
424
1016
1417
1540
1556
1767
1914
2624
3005
3456
3469
3481
3690
3818
4071
4475
5278
5576
5892
5955
6498
6916
7036
7170
8308
8936
9279
9377
9431
9735
9940
10168
10213
10252
10605
10701
10876
11006
11863
11939
12431
12830
13156
13365
13531
13852
14222
14271
14318
14392
14436
14932
15344
15590
15955
16203
16802
16876
17240
17274
17749
18164
18272
18562
18607
18625
18997
19499
19627
19634
19645
20440
20451
21301
21416
21764
22014
22168
22692
22886
23497
24194
24489
25205
25399
25402
25436
25764
25773
25914
26420
26547
26934
27508
27888
28283
29004
29131
29724
30079
30082
30397
30701
31556
31840
32318
32480
32698
33294
33349
33407
33720
34328
34512
34737
34847
35998
36201
36424
36973
36992
37206
37330
37725
37771
37779
37921
38287
39063
39394
39470
40376
40569
40600
41446
42077
42755
42765
43203
43360
44326
44477
44629
44933
45242
45453
45464
45581
45907
46039
46426
46439
46526
46732
46774
46928
47213
47737
47969
48096
48518
48714
49548
49555
49640
49836
49952
75
390
426
791
1403
1970
2982
3709
3811
4034
4349
4436
4664
6181
6316
6821
8088
8976
10265
10413
10643
10654
10791
11220
11318
11516
11548
11803
12289
12360
12695
12706
13085
13325
13570
13901
14082
14355
14429
14684
15132
15192
15267
15483
15534
15753
15840
16146
16428
16697
17455
17473
17524
18355
18444
18813
19136
19237
20482
20555
20618
20649
20814
21111
21161
21485
21544
21918
21986
22071
22123
22711
23181
23220
23329
23601
24121
24514
25269
25693
25719
25888
26060
26188
26236
26259
26262
26539
27230
28115
28428
29102
29124
29341
29899
29910
30453
30534
30955
31061
31385
31452
31808
32164
32763
33263
34022
34186
34443
34833
34838
35536
35754
36334
36342
36807
36830
37547
38024
38096
38989
39298
40161
40268
40954
41574
41708
41732
41809
41932
42317
42785
43251
43448
43867
44374
44827
44984
45076
45513
45900
46521
46997
47063
47087
47253
47466
47593
47594
47834
48357
48595
49063
49342
49375
49576
49800
68
270
451
586
1095
1226
2225
3191
3708
4400
4677
4869
4994
5648
5873
7586
7708
7808
7844
8104
8417
8935
9643
9974
10024
10067
10160
10307
10594
10622
10775
11225
11505
11612
12151
12542
12718
13401
13469
14063
14244
14288
14421
14445
14451
15961
16216
16415
16567
17136
18150
18160
18255
18832
18903
19085
19102
19474
19738
19891
20088
20210
20404
20507
20520
20638
20777
21539
21563
21948
22025
22192
22943
23077
23114
23908
24135
24540
24772
25018
26153
26392
26427
26841
27004
27038
27102
27519
27816
27856
28024
28577
28692
29055
29273
29590
29859
30321
30327
30481
30590
31117
31348
31761
31879
31996
32338
32640
33030
33059
33111
33115
33472
33475
33650
33692
34050
34359
34408
34566
35025
35238
35740
36081
36094
36119
36173
36538
36571
36617
37054
37071
37085
38067
38147
38377
38457
40865
41115
41272
41316
41562
41639
41924
42246
42354
42715
42897
43619
43825
44382
44525
44592
44850
45145
45370
45847
45958
45978
46167
46552
46697
46805
47879
48856
48986
49064
49186
49359
49694
49762
49809
49999
29
479
1754
2455
3160
3572
3897
4015
4489
4859
4864
5551
5959
6872
7068
7382
7852
8412
8741
8762
9256
9647
10297
10481
10611
10698
11143
11239
11265
11823
12224
12998
13059
13176
13314
14117
14397
14505
14658
15145
15247
15347
15768
15814
16593
16735
17002
17044
17057
17312
17373
17670
17686
17886
18076
18183
18710
18728
19656
20760
21020
21311
22150
22394
22634
22701
23533
25732
25955
25980
26038
26306
27485
28099
28135
28195
28331
28342
28759
28907
29325
29527
29674
29929
29975
30462
30506
30993
31113
31218
31690
32040
32844
33318
33573
33614
33912
34393
34405
34576
35038
35757
36890
37190
38064
38348
38678
39166
39226
39509
39811
40229
40459
40589
41416
41458
41565
41567
41936
41956
42076
42161
42290
42482
42607
43183
43250
43804
44068
44227
44368
44452
45502
46239
46724
47516
47604
47653
48108
48923
49129
115
1149
1170
1176
1390
1723
1757
2857
2964
3109
3201
3308
3426
4122
4144
4411
4460
4550
4720
4784
4819
4925
5102
5195
5314
5504
5670
5783
6243
6393
6982
7268
7380
7716
7887
8598
8754
9615
9648
9880
9885
9924
10128
10423
10653
10849
10906
11042
11485
11746
12212
12233
12897
13069
13299
13398
13853
14588
14907
15303
15725
15741
16130
16286
16351
16532
16545
17061
17188
17243
17493
17781
18134
18389
18727
19100
19818
20059
20312
20450
21773
22431
22619
24236
24931
25494
26176
26274
26668
27065
27186
27918
28114
28119
28228
28750
28864
30037
30791
30996
31015
31041
31605
32090
32146
32183
32201
32326
32571
32911
33044
34158
34354
34400
34905
34976
35263
35381
35834
36076
36168
36240
36609
36670
36702
36809
37110
37132
37234
37419
37899
38023
38738
39747
40657
41237
41770
42448
42560
42649
43105
43508
43816
43854
43967
44083
44283
45347
45365
45434
45675
46080
46587
47142
47755
47926
48617
55
152
363
402
498
546
762
1128
1214
1991
2144
2272
2629
2669
2846
3275
3335
3359
3834
3955
4661
5115
5369
5534
6130
6862
7192
7465
7738
7828
7948
8028
8180
8553
8724
9405
9538
9851
10315
10616
10752
11007
11050
11523
11936
11976
12200
12488
12818
12823
12877
13336
13987
14268
14535
14718
14731
14759
14763
14958
15800
16214
16226
16456
16549
16795
16926
17167
17190
18513
18531
19581
20522
20817
21232
21233
21533
21553
21851
21914
22097
22344
22405
22689
23274
23827
24006
24521
24548
25130
25133
25503
25733
25794
25872
26228
26338
26739
27314
27318
27597
27770
28456
29480
29950
30116
30185
30457
31313
31569
31781
32205
33007
33123
33142
34608
35225
35614
35832
35866
35981
36257
36635
36678
37430
37454
37492
37494
37722
38340
38366
38834
38890
39350
41591
41604
41834
42008
42166
42168
42346
42986
42988
43727
43853
44048
44369
44426
44642
44866
45207
45389
45682
45686
46149
46355
46629
47435
47603
47703
47934
48872
48888
48973
49180
49210
49
101
215
665
969
1077
1436
1470
1484
2287
2473
2737
2758
4016
4049
4178
4498
4848
4961
5289
5513
6102
6261
6508
6509
6571
7467
7805
7952
8340
8561
8657
10021
10130
10641
11010
11182
11287
11324
11397
12179
12408
13225
14743
14787
15212
15360
15695
15842
16101
16257
16739
16941
17238
17429
17891
18329
18416
18731
18783
19270
19886
19986
20006
20127
20137
20428
21053
21615
22448
22547
22647
22721
22722
22771
22975
23382
23587
23615
23713
23754
23845
23907
24339
24479
24717
24949
26162
26257
26323
26561
26654
26869
27027
27360
27916
28158
28193
28656
28665
29194
29223
29679
29761
29982
30275
30364
30704
31350
31358
31568
31710
31828
32169
32339
32447
32821
32878
33752
34136
34647
35231
35363
35386
35468
35813
36123
36697
36793
37280
38508
38840
39389
40363
41070
41525
41983
43020
43248
43343
43523
43784
44717
44797
44907
45006
45680
46870
47220
47232
47438
47785
47854
48099
48183
48362
48645
48846
48876
49032
49330
49485
49505
49637
49751
6
43
204
298
385
905
1253
1589
1669
2636
2716
4754
4804
4808
4816
5110
5113
5165
5236
6513
6738
7109
8035
8053
8398
8469
9151
9285
9681
10040
10294
10758
10814
11188
11741
12372
12493
13005
13471
14241
15129
15501
15670
16003
16161
16412
16591
16625
16710
16847
16998
17499
17943
18305
18307
18911
19030
20761
20867
21162
21228
21278
21309
22443
22738
23293
23685
23980
24361
24552
24692
24775
24870
25360
25701
26399
26460
26614
26702
27135
27435
28542
30117
30848
31081
31105
31255
31914
31942
32457
33344
33398
33813
35222
36417
36888
36906
37202
37711
38336
38448
38512
38544
39259
39524
39685
39992
40132
40179
41083
41502
41513
41524
42729
43315
43492
43603
44187
44335
44653
44662
44713
44810
44857
45200
45251
45379
45382
45628
45824
46520
46563
46575
46731
47179
47550
47661
48468
48748
49347
49487
49545
49574
448
603
613
682
1057
2093
2110
2417
2917
3413
3774
3990
4201
4225
4566
4970
5080
5643
5731
5741
5796
5832
6357
6363
6497
6590
7262
8290
8343
8579
9261
9299
9395
10092
10407
10415
10946
11658
12583
12780
13056
13463
13713
13921
13986
14453
14618
15013
15309
15439
15514
15935
16090
16347
16360
16748
17104
17405
17653
18032
18588
18923
19036
19610
19813
19830
20217
20442
20447
20461
20466
20971
21002
21102
21466
21470
21636
21739
21841
21951
22486
22734
23534
23942
24138
24442
24483
24734
25215
25273
25383
26198
26489
27197
27588
27654
28515
28549
29252
29260
29563
29973
30108
30276
30450
30547
30769
31024
31785
31797
32032
33638
33750
33824
34352
34444
34471
34529
34554
35377
35732
35778
36019
36418
36485
36492
36633
36675
36970
37237
37590
37881
38016
38228
38378
38679
38701
39066
39232
39390
39612
40307
40510
40789
40793
40947
41274
41745
42272
42395
42967
43063
43223
43382
44735
44923
45536
45738
45905
46111
46201
46548
47486
47665
47666
48304
48562
49288
49352
49716
49832
49880
463
575
673
954
1218
1565
1579
1705
1716
1881
1957
2254
3625
3648
3651
3888
4029
4590
4813
5420
7118
7121
7620
7946
8886
9202
9388
9650
9777
10069
10754
11045
12163
12263
12445
12819
12968
13268
13305
13624
13923
14049
14071
14635
14811
15081
15522
15742
16561
16915
17383
17447
17961
18010
18529
18697
18719
19516
19759
19790
20078
20291
20362
20407
21000
22076
22476
22506
23098
23499
24050
24111
24276
24898
24942
25107
25532
25819
26689
26878
27292
27426
27440
27879
27894
27943
28062
28266
28751
28758
28867
29364
29772
29891
29927
30326
30386
30483
30754
31048
31210
31283
31451
31857
31938
32065
32088
33382
33449
33757
33765
34284
34526
34626
34735
35047
35182
35533
36197
36258
36720
37106
37153
37224
37616
37645
38086
38160
38435
38509
38547
38800
39022
39053
39203
39329
39652
39743
39878
40141
40581
40709
40996
41006
42038
42065
42705
43015
43070
43200
43340
43572
43833
44299
44402
44441
45126
45292
45575
46071
46273
46848
47086
47193
47268
47479
48045
49228
49255
49597
171
307
375
637
675
726
758
859
874
1213
1247
1676
1868
2327
2921
3261
3444
4194
5239
5582
6744
6864
6989
7006
7249
7377
7424
7528
8376
8464
8586
8630
8742
8828
8911
8979
9376
9546
9745
10172
10832
11422
12503
12649
12832
12992
13003
13455
13639
13811
14042
14128
14153
14291
14840
15479
15581
15785
15835
15841
15941
16013
16117
16238
16264
16653
18315
19282
19340
19418
19494
19714
19857
19865
20112
20490
20653
20894
20961
21084
21381
21831
22111
22136
22251
22470
22752
23125
23147
23501
23572
23761
24133
24320
24342
24417
25056
25217
25357
25431
25825
25917
26404
26719
26906
27425
27437
28625
29002
29077
29408
29620
29692
29830
29925
30029
30162
30758
30798
30871
31211
31267
31445
32543
32679
32904
32982
33055
33600
33646
33784
34146
34734
34889
35074
35193
35762
36054
36073
36261
36337
36784
36868
37897
37923
38020
38504
38736
39115
39576
39620
40037
40096
40134
41157
41162
41541
41589
41601
41972
41980
42107
42842
42980
43534
43687
43846
43974
44775
44799
45024
45473
45902
45940
46630
46985
47043
47064
47165
47269
47409
48087
48158
48571
48924
49532
49590
97
547
555
2371
2791
3223
3461
3598
3716
4062
4746
5263
5861
6014
6370
6528
6689
7515
7546
7941
8296
8973
9722
10117
10284
10537
10773
10797
11192
11209
11271
11582
11608
11932
12003
12389
12581
12875
12887
13135
13227
13505
13516
13774
14500
14778
14953
15378
15892
16925
17067
17443
17486
17503
17678
18131
18572
18939
18988
19325
19438
19607
20367
20703
21535
21807
22230
22256
22406
22940
22951
23239
23559
23700
23839
24163
24821
25019
25026
25204
25338
26509
26538
26733
27410
27443
27754
27991
28679
29134
29261
29519
29613
29871
30419
30710
31124
31272
31444
31865
32095
32113
33071
33629
34326
34509
35629
36477
37311
37404
38878
39334
39599
39826
40017
40124
40350
40583
41467
41606
41750
41989
42050
42074
42251
42348
42725
42741
43233
43237
43337
43629
43881
44563
44616
44665
45634
46270
46330
46788
46867
46901
47553
47580
47592
47845
47944
48220
48719
48854
48929
49010
49237
49355
659
1055
1201
1449
1938
2045
2227
2772
2780
2845
2904
3086
3091
3248
3273
3280
3457
3507
4032
4124
4352
5578
5624
6343
6701
6746
6865
7081
7148
7180
7714
7804
8140
9061
9341
9371
9779
10004
10624
11153
11299
11368
11601
12201
12471
13257
13412
13656
14150
14314
14528
14660
14790
14888
14984
15026
15053
15074
15148
15595
15756
15919
16764
17080
17154
17810
17873
18101
18377
18476
19356
19908
20156
20694
20806
20816
20930
21127
21135
21152
21180
21491
22179
22578
23442
23500
23530
24485
25003
25166
25488
26111
26791
26997
27091
27180
27303
27403
27472
28255
28305
28376
28623
28783
29118
29744
30336
31247
31414
31531
31660
32224
32351
32907
32993
33463
33688
33732
33814
34013
34041
35681
35940
35986
36999
37292
37336
37468
37743
37773
37919
37996
38259
38346
38551
39078
39309
39346
39453
39458
39757
40173
40378
40838
41020
41150
41301
41747
42153
42303
43528
43894
43950
44280
44506
44901
44926
45036
45486
45522
45785
46347
46914
47158
47285
47720
48545
48855
49231
49612
49645
49764
137
411
771
911
961
1193
1860
1895
2050
2712
3340
3511
4030
4145
4405
4501
5088
5393
5804
5846
6296
6383
6657
6822
7105
7366
7855
8078
8234
8409
8527
8549
8755
9045
9355
9521
9868
10113
10439
11132
11147
11251
11821
12261
12352
12423
12491
12640
12955
13313
13636
14074
14865
15655
15767
15820
15975
16110
16182
16340
17134
17360
18051
18102
18148
18191
18421
18565
18703
18850
19415
20254
20655
20797
20996
21109
21181
21521
21692
22414
22464
22551
23679
23926
23982
24294
24385
25199
25368
25628
26015
26292
26829
26838
27176
27276
27722
28166
28258
28667
28846
28949
29154
29175
29750
29784
30382
31007
31106
31922
31945
32611
32617
32638
33482
34984
35141
35148
35170
35575
36555
36592
37074
37254
37356
37375
37664
37960
38059
38413
38530
38681
38733
40343
40481
40776
40931
41468
41545
41763
42957
43680
44217
44514
44678
45086
45578
45774
45911
46060
46405
46720
46758
46772
47124
47263
48372
48959
49206
49427
49496
49677
49789
134
349
650
984
1644
2044
2076
2285
2305
2548
2625
2798
3207
3312
3503
3745
4245
4469
4526
4752
4779
4928
5596
5619
5756
6487
6584
6625
6967
7179
7438
7829
8094
8148
8809
8827
8972
9077
9188
9219
9408
9771
9965
10229
10236
10961
10973
10979
11496
11862
12551
12742
12873
12895
13245
13627
14037
14403
14866
14915
15208
15455
15632
15731
16337
16673
16691
17024
17149
17934
18062
18149
18660
18973
19306
19460
19810
19814
20550
20623
20755
21383
21424
21732
22269
22515
22567
23348
23465
23579
23825
24036
24658
24935
25067
25146
25186
26237
26395
26440
27076
27150
27160
27282
27544
27823
29065
29328
29656
30274
31442
31855
32521
32867
33545
33582
34096
34470
34689
34722
35385
35391
35671
35796
36272
37146
37260
37380
37432
37720
38557
38986
39057
39157
39931
40151
40245
40358
40756
40891
41247
41910
42020
42199
42241
42435
42661
42972
43729
43809
43929
44223
44395
46005
46294
46367
46448
46470
47071
47109
47750
47990
48000
48706
49159
49250
49634
49883
242
293
373
432
1303
1336
1425
1482
1573
1814
2381
2452
2657
3060
3174
3422
4192
4446
4953
5423
6217
6245
6353
6489
6649
7020
7541
7794
7993
8223
8431
9067
9141
9161
9603
9633
9838
10018
10331
11776
11935
12054
12762
13620
13669
13698
13943
14078
14475
14673
15207
16097
16790
16911
17439
18436
19135
19382
19653
20111
20706
20965
21028
21576
22231
22367
22789
23119
23599
23639
24103
24354
24396
24754
25412
25466
25528
27391
27633
28093
28367
28923
29034
29094
29197
29549
30148
30532
31144
31157
31319
31489
31588
32038
32177
32349
32366
32659
32704
32859
33040
33087
33408
34061
34827
35011
35040
35259
35430
35529
35603
35864
36378
37103
37313
37663
37912
37956
38393
38596
39102
39138
39586
39877
40022
40992
41661
41839
42042
42421
42472
42480
42733
42911
42933
43283
43921
43975
44177
44593
45028
45854
46207
46237
46715
47153
47194
47229
47399
47782
48231
49058
49436
48
714
1238
1502
1870
2003
2773
3040
3385
3431
3528
3543
4066
4514
4656
4701
4703
4711
5328
6390
6464
6747
6983
7071
7284
7636
7797
8055
8175
8368
8394
8843
10170
10277
11219
11235
11499
11621
11982
12194
12363
12529
12543
12908
13159
13261
13452
13573
13938
14073
14136
14177
14296
15801
16267
16406
16643
16833
17547
18501
19019
19123
19246
19259
19278
19570
20084
20373
21095
21445
21860
22284
22497
22596
22737
22895
23551
23991
24462
24969
25002
25009
25646
25763
26356
27235
27270
27322
28171
28244
29176
29247
29372
29788
30078
30458
30606
30671
30749
30864
30976
31253
31360
31628
31789
32010
32131
32320
32516
32528
32608
32910
33029
33450
33740
34491
35160
35375
35878
35930
36111
36395
36474
36604
36628
36631
36792
37218
37284
37342
37552
37671
37690
38036
38053
38669
38821
38842
39058
39244
39381
39507
40237
40386
41073
41236
41287
41308
41312
41418
41826
41898
42432
43490
43589
43649
43658
43774
43983
44225
44613
44674
44818
44884
45257
45957
46154
46476
48481
48824
48978
49022
49108
49299
49736
588
688
1345
1702
2374
2443
2458
2800
3440
3595
3790
4093
4148
4276
4285
4293
4341
4471
4487
4586
4614
4862
5422
5532
5884
6206
6445
6546
6778
6895
6935
7049
7269
7493
7600
7672
8536
8764
8777
9092
9096
9516
9731
9827
9998
10218
10799
11082
11088
11475
12206
12443
12746
13240
13579
13714
14134
14573
14600
14883
14923
14989
15198
15240
15269
16205
16709
17127
17883
18237
18239
18261
19012
19155
19184
19626
19856
20225
20351
20448
20794
21471
21802
21813
22240
22986
23131
23177
23269
23707
23760
23915
24023
24332
24335
24535
24609
24610
24688
24990
25359
25770
25826
25911
25962
26061
26330
27074
27702
27746
28287
28360
28588
28661
28897
30451
30455
30558
30739
30755
30764
31234
31326
31327
31478
31561
31611
31889
31972
32092
32754
33064
33223
33375
33511
33822
33974
34336
35356
36271
36476
36542
36565
36780
36963
37100
37273
37728
37777
37971
38060
38162
38217
38326
38370
38824
39254
39505
39516
39645
39942
40531
41261
41514
41627
41798
41877
42043
42655
43165
43500
43930
44125
44539
44608
45233
45287
45570
46282
46958
47178
47247
47302
47413
47811
47874
47991
47999
48159
48274
48526
48683
48710
49259
49301
49412
49418
49783
49807
202
887
895
1026
1032
1050
1220
1301
1411
1463
1629
2294
2698
3717
4189
4272
4913
5215
5691
5705
6135
6408
7051
7451
7683
7686
7735
7762
8061
8213
8562
8708
8996
9439
9621
9682
9992
10108
10524
10995
11102
11109
11112
11156
11968
12341
12570
12671
13002
13033
13659
13875
14730
14997
15404
15734
15805
16095
16113
16293
16986
17372
17384
17501
18000
18199
18770
19032
19285
19385
19402
19686
20517
21179
21268
21622
21655
22184
22288
23099
23201
23316
23449
23759
24448
25426
26140
26623
26679
27215
27439
27848
27999
28568
28893
29711
29900
29928
29956
30058
30223
30591
31099
31248
31602
31641
32059
32452
32505
32786
32805
33050
33569
33807
35267
35785
35962
36276
36385
36447
36517
36731
36747
36954
37409
37866
39319
39751
39758
40211
40337
40361
40442
40621
40679
41038
41108
41172
41396
41684
41938
42012
42087
42487
42688
44027
44341
44497
44800
45151
45346
45678
46085
46133
46192
47338
47761
48133
48388
48476
48549
48603
48925
49581
639
1056
1509
2125
2204
2293
2633
2879
2997
3659
4552
5284
5501
5505
6080
6160
6440
6466
6659
6868
7100
7140
7676
8074
8087
8248
8449
8550
9064
10153
10335
10768
11383
11493
11822
12133
13107
13870
14012
14065
14337
14368
14446
14698
15019
15021
15102
16042
16079
16436
16867
17035
17305
17858
17967
18179
18706
19014
19370
19874
19978
20584
20673
21066
21175
22009
22266
22400
23558
23847
23950
24087
24105
24131
24179
24232
24538
24848
25444
25830
25913
26693
26812
27001
27489
27759
28027
28072
28204
28430
29482
29719
29764
30970
31055
31290
31908
31962
32017
32108
32385
32595
32833
32923
32947
33383
33769
33779
34155
34433
34715
35441
35583
35771
36162
36676
36735
37238
37326
37348
37505
38622
38711
39498
39572
40272
40529
40576
40730
41109
41153
41241
41968
41978
42375
42976
43611
43709
43933
44165
44379
44577
44619
44954
45019
45403
45415
45529
46048
46291
46389
46689
46975
47457
47460
47634
47818
47848
47924
48120
48363
49222
49682
11
262
1508
1546
1713
2467
2532
2720
2756
2870
3246
3319
3614
3713
4850
5467
5544
6007
7431
7595
7633
7682
7688
7915
8661
9170
9792
10098
10159
10426
10721
10822
10823
10933
10972
10986
11024
11346
11745
11756
11812
12255
12478
12482
12594
12599
12638
13286
13424
13606
14148
14410
14801
15082
15156
16708
17387
17531
17756
17956
18216
18937
19409
20094
20125
20262
21455
22039
22103
22164
22585
23165
23628
23867
24001
24337
24474
24586
24755
24936
25163
25337
25396
25827
25853
25865
26048
26707
27291
27688
28019
28188
28402
28484
28958
29119
29184
29669
30377
30405
30551
30559
30800
31575
31647
31782
32173
32206
32971
33460
34000
34040
34490
34884
35156
35312
35464
35961
36315
36428
36957
37048
37370
37520
37800
38616
38829
39075
39530
39575
39775
39852
39871
40433
40704
40944
41286
41307
42198
42582
43247
43416
43758
43808
43969
43980
44088
45001
45249
45552
45861
46062
46076
46377
46551
46924
47195
47464
47704
47836
49598
49600
49796
49946
1532
2158
2265
2489
2534
2903
3272
3337
3646
3668
3771
3819
4106
4167
4308
5064
5172
5879
6077
6555
9020
9158
9326
9953
10066
10191
10365
10546
10556
10609
10809
11233
11390
12555
12868
12922
13181
13589
13957
13976
14195
14489
14547
14566
14633
15916
15917
17169
17733
18534
18836
19316
19566
19591
20409
20529
20574
20747
20988
21024
21360
21370
21391
21885
22258
22889
22993
22998
24243
24379
24382
24834
24947
25075
25099
25343
25480
25527
25697
26909
27516
27555
27604
28285
28755
29063
29108
29209
29396
29434
29570
29962
30134
30488
30644
30940
31051
31492
31624
31769
32080
32189
32272
32544
33042
33802
33975
34462
34974
35291
35715
35935
36096
36097
36414
36458
36863
37465
37524
37549
38029
38073
38159
38688
38744
39447
39724
39802
39964
40089
40316
40717
41355
41540
41571
41677
42224
42259
42887
43153
43220
44186
44239
44406
44475
44812
45020
45640
45984
46183
46503
46603
46831
47346
47617
47849
48011
48746
49089
49112
49440
49718
49959
113
440
521
623
1576
1580
1772
1965
2039
2888
2906
3228
3259
3350
3463
3823
4002
4313
4453
4875
5180
5679
5720
5847
6159
6174
6682
7599
7631
8084
8187
8200
8233
8706
8929
9236
9385
9631
10136
10566
11121
11439
12104
12302
12379
12460
12568
12804
13369
13421
13522
13919
14383
14878
15023
15429
15432
15493
15548
16026
16051
16328
16650
16670
16828
17299
17444
17888
18016
18228
18535
18881
19743
19912
20069
20394
20732
21517
21621
21734
21821
22120
22181
22989
23306
23374
23381
23740
23883
24327
24744
25523
25847
26302
26818
26846
27144
27504
27607
27677
27691
27725
27765
27860
27903
28148
28250
28384
28570
28747
28815
28875
28913
29113
29768
30166
30292
30369
30492
31279
31337
31854
32134
32175
32209
32688
33130
33140
33160
33231
33437
33579
33584
33649
33682
33800
33872
33966
34122
34254
34317
34468
34781
35001
35896
36253
36382
36674
37271
37738
37894
37937
37963
38293
38715
39499
39713
39897
39953
40045
40055
41735
41761
42110
42277
42343
42541
42615
43769
43960
44253
45161
45229
45340
45961
45982
46047
46198
46327
46592
46795
46850
46991
47009
48708
865
903
1324
1361
1366
1677
1804
2767
2898
3079
3303
3756
3805
3912
4060
4269
4333
4367
4593
4595
6674
7110
9163
10099
10343
10575
11206
11787
12083
12829
13152
13462
13878
14223
14826
15084
15095
15668
15739
15887
16067
16124
16821
17106
17172
17521
17946
18223
18340
19547
20012
20288
20609
21016
21184
21219
21433
22371
22626
22815
22840
22947
23234
23662
23873
23888
24638
25599
25968
26580
27134
27620
27666
27882
27982
28346
29446
30193
30303
30913
31554
31705
31716
32355
32684
32809
32819
32839
32869
32973
33049
34106
34697
35044
35066
35164
35772
36559
37061
37521
37910
37953
38335
38493
38519
38580
39414
39525
40446
40617
41391
41666
41830
42327
42658
42665
42673
43330
44748
45040
45243
45436
45653
45822
46342
46820
47128
47421
47684
47728
47928
48156
48317
48438
48441
48581
48655
48664
48942
49028
49203
286
1410
1586
1838
1983
2129
2674
2971
3142
3290
3504
3675
3687
3910
5448
5529
5587
5726
6096
6399
6749
7452
7634
7905
9197
9303
9524
10260
10491
11584
12095
12545
12802
12898
13114
13985
14202
14294
14540
14546
15664
15958
16378
16599
16623
17442
17880
18705
19149
19248
19304
19330
19429
19549
19827
20016
20077
20146
20212
20514
20602
20911
21094
21139
21549
21886
21964
22084
22213
22465
23065
23175
23277
23305
23462
23720
23824
24413
24781
24885
25446
25610
25720
25759
26326
26982
27152
27255
27265
27610
27648
27674
27890
28548
28563
28624
28719
28785
28904
28998
29608
29617
29618
30463
30951
31004
31036
31142
31587
31848
32331
32377
32506
32885
32893
33216
33325
34189
34396
34760
34830
34920
34996
35342
35607
35664
35699
35702
35725
35773
36404
37098
37278
37423
37565
37660
37780
38826
39306
39420
39951
39981
40086
40470
41047
42028
42175
42525
42554
42694
42917
43051
43231
43246
43707
44164
44370
44459
44672
45247
46516
46674
46785
47037
47365
47620
47659
47919
47950
48277
48914
48965
49371
358
634
944
1019
1132
1304
1468
2022
2147
3682
4202
4659
5099
5392
5469
6017
6327
6382
6812
6842
7998
8287
8443
8853
9097
10237
10385
10404
10498
10572
10803
11167
11731
12309
12544
12631
12876
13157
13345
13602
13905
14237
14477
14955
14959
16263
16957
17099
17131
18586
18825
18914
19062
19515
19621
19758
19882
20107
20549
20751
20805
20935
21070
21248
21888
21901
22139
22462
22655
22776
23222
23405
23431
23451
24068
25255
25352
25394
25637
26543
26894
27305
27606
27697
28002
28254
28937
29023
29026
29614
30546
30838
31173
31343
31670
31745
32072
32244
32346
32462
32549
32554
32577
32653
32793
33079
33181
33456
33481
33695
35373
35639
35910
36666
37315
37542
37795
37946
38150
38301
38309
38644
38786
38849
38947
39589
39760
39839
39916
40934
41443
42019
42297
42330
42938
42996
43164
43210
43295
43327
43576
44171
44330
44361
44873
45005
45114
45139
45362
45770
46362
46488
46614
46921
47094
47514
47590
47798
49276
49638
49853
49977
707
734
1887
2096
2288
3097
4646
5133
6021
6798
7401
8459
9090
9216
11520
11991
12858
14166
14226
15124
15150
17150
17844
19527
19703
21167
21494
24064
24843
25025
28184
28772
28773
29953
30311
30383
31029
31093
31219
31709
32193
32323
33137
33430
34003
34151
34498
35223
36196
36645
36804
37859
39206
39264
39304
40574
41362
41448
41453
42203
42809
43160
43269
46019
46690
47588
48493
49185
49363
49726
154
230
297
587
674
712
1370
1446
1478
1519
1693
1721
1731
1949
2074
2082
2117
2273
2383
2485
2568
2873
2992
3825
3836
3849
4208
4390
4511
4759
5150
5161
5189
5744
5784
5851
5920
6105
6249
6420
6540
6568
6574
7078
7143
7418
7681
7760
8091
8122
8265
8316
8373
8690
8711
9100
9334
9537
9862
10499
10865
11602
12252
12278
12286
12461
12601
12641
12838
13638
14161
14619
14785
15006
15099
15170
15389
15853
15998
16043
16201
16516
16546
16765
16955
17107
17164
17219
17358
17460
17769
18013
18015
18055
18089
18127
18211
18327
18578
18602
18712
18880
18918
19401
19431
19700
20117
20191
20205
20569
20632
20683
20804
20843
20878
21673
21778
21966
22060
22140
22590
22749
23130
23174
23200
23318
23322
23396
23624
23692
23752
23959
24220
24393
24569
24666
24806
24842
25111
25134
25345
25479
25662
25695
25703
25982
26026
26203
26527
26559
26669
26960
27009
27643
27750
27934
27981
28164
28209
28369
28438
28534
28847
29080
29290
30357
30394
30514
30562
30717
30853
30859
31141
31245
31256
31406
31811
31819
32195
32501
32891
33610
33618
33698
33983
34160
34247
34484
34522
34539
34700
34856
35208
35298
35436
36085
36153
36278
36671
36958
36967
37010
37219
37678
37850
37863
37890
37903
38093
38264
38765
38843
39322
39345
39557
39660
39851
40155
40426
40946
40965
40983
41092
41722
41916
41941
42116
42220
42311
42553
42883
43259
44005
44065
44277
44503
44607
44715
44789
44904
45090
45164
45210
45220
45223
45416
45507
45638
45821
45939
45949
46175
46251
46285
46748
46790
46952
47040
47166
47217
47436
47442
47598
47847
48049
48106
48161
48212
48268
48724
48852
49652
49674
49901
49922
49929
49968
266
282
347
579
838
909
1121
1233
1251
1427
1428
1916
3011
3263
3706
3989
4048
4264
4275
4297
4318
4764
5293
5497
5862
6002
6091
6227
6331
6348
6633
6811
6824
7011
7219
7293
7651
7817
7878
7916
8235
8275
8332
8429
8567
8672
8937
9136
9427
9445
10813
11008
11031
11223
11417
11436
11707
11881
11882
12125
12236
12331
12398
12855
13146
13180
13465
13472
14104
14208
14468
14492
14597
14710
15063
15292
15810
15895
16044
16290
16297
16304
16403
16928
17000
17180
17446
17633
17837
17897
17905
18615
18655
19115
19138
19469
19848
19927
19944
20236
20516
20518
20598
20702
20888
20938
21033
21105
21110
21296
21343
21371
21733
21785
21815
22190
22451
22558
22672
22730
22750
23106
23508
23715
24039
24368
24533
24570
25400
25448
25752
25992
26098
26129
26397
26519
26657
27442
27572
27758
27846
27884
27984
28133
28203
28303
28363
28408
28716
28796
29105
29355
29356
29665
29668
30412
30613
30647
30763
31734
31771
31863
31997
32109
32369
32531
32641
33098
33218
33694
33697
33780
33927
33988
34397
34818
34878
35195
35292
35398
35522
35624
35662
35727
35871
36005
36061
36803
36871
37189
37575
37627
37896
38131
38231
38251
38351
38532
38573
38641
39060
39316
39600
40015
40291
40523
40820
41702
41818
42132
42245
42689
42866
43095
43263
43324
43592
44371
44473
44834
45069
45508
45899
46130
46164
46468
46809
46862
47275
47565
47691
47697
47734
48619
48628
48731
48937
49413
49415
49680
49830
49937
19
61
261
325
476
510
755
829
1036
1120
1406
1490
2239
2312
2607
3068
3081
3649
3718
3787
4146
4753
4781
4786
4852
4989
5032
5775
5922
5928
6043
6496
6617
6748
7032
7048
7231
7594
7743
7864
7978
8141
8204
8303
8311
8322
8341
8401
8497
8542
8566
8606
8614
9166
9199
9243
9251
9470
10474
10489
11138
11234
11254
11276
11414
11507
11521
11984
11995
12011
12061
12298
12434
12691
12724
12766
13175
13380
13700
13857
15017
15211
15355
15671
15854
15980
16087
16342
16627
16632
16777
16960
17450
17453
17548
17553
17636
17861
17938
18412
18806
19378
19407
19770
19823
19860
19925
20047
20581
20659
20662
20736
20759
20943
21060
21093
21163
21546
21808
21879
21898
21938
22034
22202
22601
22677
22768
23243
23304
23450
23459
23463
23549
23575
23684
23689
24116
24178
24378
24590
24618
25195
25208
25369
25971
26513
26532
26770
26789
27154
27459
28592
28843
29241
29287
29406
29670
29843
29981
30071
30141
30158
30242
30702
30910
31078
31405
31646
32005
32673
32864
33153
33158
33541
33719
33878
34024
34058
34225
34431
34507
34720
34800
34890
34897
35043
35133
35412
35565
35775
35923
36013
36064
36213
36448
37043
37605
37808
38054
38120
38268
38332
38438
38565
38583
38808
38813
39585
39672
39745
39901
40234
40242
40808
41100
41434
41607
41683
41940
42151
42218
42499
42511
42713
42862
42934
43007
43032
43129
43364
43546
43835
44095
44184
44238
44286
44447
44605
44749
44962
45063
45105
46033
46557
46588
46648
46864
46871
47022
47115
47273
48027
48203
48227
48833
49261
49372
49788
49902
848
991
1084
1388
1670
2032
3057
3178
3531
3610
3942
3991
4000
4393
4507
4736
4863
4872
5248
5430
5562
5616
5622
5822
5957
6026
6145
6163
7084
7157
7316
7344
7605
7665
7783
7956
7983
8279
8280
8456
8612
8852
10020
10029
10060
10146
10621
10631
10650
10681
11044
11357
11438
11471
11580
11598
11693
11831
11903
11956
12049
12205
12428
12907
12953
13042
13607
13628
13814
13829
13917
14274
14557
15101
15111
15291
15499
15637
15874
16144
16375
16624
16893
16973
17363
17504
17650
17902
18163
18417
18554
18632
18675
18718
18928
18972
19133
19389
19395
19520
19557
20175
20647
22155
22423
22537
22828
22987
23145
23445
23529
23547
23828
23904
24254
24568
24797
24800
24964
25222
26801
27249
27334
27347
27482
27796
28243
28381
28723
29250
29503
29538
30157
31368
31608
32687
33135
33496
33658
33874
33910
33923
34381
34585
34611
34933
34953
35361
35700
35808
36226
36741
36828
36850
37195
37323
37864
38144
38322
38505
38514
38516
38772
38796
38823
38944
39047
39158
40193
40404
40443
40493
40914
41414
41556
41620
41728
41845
41856
42064
42089
42325
42413
42486
42579
43363
43457
43469
43968
44040
44212
44513
44550
44811
44813
45089
45262
45745
45769
46007
46324
46380
46797
46838
47339
47662
47729
47831
48020
48107
48600
48879
49016
49701
49823
140
566
724
908
928
1245
1272
1362
1488
1531
1911
2401
2778
2852
2993
3166
3175
3692
3783
3799
4383
4398
4488
4548
4767
4914
5003
5214
5286
5541
5718
5924
6052
6162
6523
7112
7194
7394
7512
7695
7909
7939
8026
8364
8723
8869
8998
9057
9191
9305
9476
9810
10061
10161
10475
10897
10908
11221
11351
11750
11854
11997
12016
12034
12051
12135
12221
12473
12699
12759
12878
12883
12903
12977
13372
13510
13559
13844
13899
14020
14332
14400
14969
14990
15419
15608
15705
16135
16253
16626
16727
16738
16903
16964
17064
17379
18128
18229
18301
18366
18386
18561
18865
18954
18966
18994
19021
19286
19405
19573
19681
20202
20349
20628
20724
20869
21338
21614
21766
21962
22355
22429
23399
23649
23652
23656
23664
23829
24143
24318
24450
25042
25103
25497
26630
26651
26757
27117
27316
27475
27601
27706
27729
27786
27886
28596
28651
29053
29224
29416
29673
29794
29995
30865
30988
31250
31325
31479
32071
32519
32769
33086
33290
33662
34018
34020
34088
34123
34295
34495
34792
35695
35791
36136
36333
36433
36462
36817
37344
37807
37867
37936
37950
38198
38862
38913
39341
39489
39537
39718
39783
39999
40008
40041
40260
40341
40563
40665
40672
40833
40834
40871
41202
41424
41952
42666
42685
42691
42720
42751
42990
43345
43421
43715
44113
44509
44544
44882
44887
44903
45307
45459
45646
45716
45771
45890
45901
45969
46390
46492
46498
46537
46577
46662
46695
46920
47048
47096
47344
47349
47913
48235
48349
48432
48449
48500
48519
48765
48894
49151
49244
49659
49712
49719
49938
33
825
1379
1433
1671
1689
1787
1830
1926
2060
2079
2081
2141
2313
2364
2901
2948
2956
3039
3139
3173
3193
3211
3500
3758
3797
4009
4127
4366
4385
4415
4975
5416
5663
6019
6113
6187
6258
6288
6337
6431
6518
7280
7360
7463
7785
7968
8042
8181
8333
8631
8895
9273
9837
9843
9853
9857
9869
10235
10642
10690
10776
10844
10859
11057
11214
11227
11371
11392
11440
11531
11556
11680
11710
11820
11900
12065
12140
12223
12330
12612
12822
12910
13319
13908
14057
14262
14273
14326
14553
14903
15002
15046
15315
15612
15703
15778
15804
16077
16206
16394
16608
16871
17129
18670
18695
18714
19025
19070
19299
19917
20018
20048
20302
20530
20562
20583
20738
20945
21021
21211
21264
21286
21331
21489
22187
22488
22597
23120
23676
23724
23797
23992
24265
24399
24458
24460
24652
24851
25149
25486
25596
25873
25969
26671
26710
27424
27515
27587
27658
27936
28223
28312
28337
28765
28823
28894
29465
29581
29599
29732
30372
30510
30645
30868
31298
31685
32013
32231
32255
32301
32418
32425
32427
32566
32615
32683
32707
33439
33548
33588
33893
34293
34542
34769
35630
35957
36043
36246
36357
36513
36940
36960
37400
37639
37644
37740
37951
38018
38092
38805
38865
38899
39002
39175
39369
39440
39667
39985
40273
40297
40467
40631
40632
40683
40782
40986
40990
41063
41066
41263
41559
41621
41703
41948
42321
42587
42776
42877
43143
43369
43513
43552
43598
43765
43850
44259
44310
44376
44433
44697
45144
45199
45795
45892
46179
47021
47030
47388
48697
48940
49145
49251
49296
49765
49861
49944
174
313
468
750
1699
1980
2226
2449
2545
4305
4307
4829
4836
5290
5349
5905
5934
5990
6140
6238
6280
6472
6712
6819
7040
7766
7903
8493
8508
8556
8925
8975
9015
9050
9364
9475
9589
9628
9698
10051
10519
10633
10802
10934
11002
11338
12208
12209
12311
12432
12666
12711
13094
13771
13865
13931
14514
14550
15024
15040
15094
15196
15284
15362
15685
15700
15758
16009
16155
16180
16592
16927
16929
16942
16950
16967
17430
17609
17768
17815
18238
18270
18342
18567
18604
19294
19343
19444
19481
19831
19972
20429
20906
21241
21469
21596
21828
21895
21943
21994
22149
22295
22822
22843
23151
23178
23755
23985
24012
24248
24497
24573
24808
25196
25243
25317
25353
25803
25959
26012
26222
26327
26410
27005
27122
27582
27851
27859
27960
28232
28455
28574
28912
29005
29226
29262
29600
29802
30006
30016
30261
30641
30685
30779
30817
30884
31342
31783
31954
32240
32259
32619
32773
32919
32996
33021
33077
33108
33436
33522
33647
34175
34613
34904
34956
34971
34983
35121
35173
35309
35406
35787
35828
35853
35863
36307
36408
36669
37129
37167
37258
37291
37321
37619
37680
37801
38028
38123
38202
38554
38640
38716
39011
39037
39320
39404
39449
39558
39669
39769
39977
40766
41094
41262
41533
41631
41764
41890
42171
42669
42981
43052
43197
43318
43328
43392
43772
43815
43944
44430
44468
44770
44928
45094
45277
45411
45568
45604
46057
46230
46400
46620
47014
47383
47520
47840
48100
48210
48592
49121
49190
49678
49826
119
122
188
281
719
836
1145
1150
1153
1244
1512
1661
1663
2243
2290
2389
2540
2576
2616
2668
2792
3023
3050
3094
3250
3384
3567
3587
3794
3841
3985
4248
4381
4607
4621
4815
4918
5351
5568
5956
6044
6057
6128
6367
6826
6905
6943
7015
7017
7124
7164
7516
7604
8192
8210
8356
8528
8735
8816
8857
8955
9519
9559
9717
9775
9829
9961
10105
10135
11124
11329
11530
11840
12297
12369
12578
12628
12686
12693
12719
12993
13252
13406
13428
13529
13959
14040
14048
14382
14495
14678
14723
14834
14857
15139
15366
15708
15912
16165
16526
16746
16763
17029
17195
17569
17589
17631
17966
18095
18097
18208
18250
18512
18594
18623
18629
18905
19003
19384
19502
19575
19586
19894
19979
20480
20818
20839
21064
21441
21519
21530
21687
22056
22195
22427
22453
22477
22639
22650
22845
22858
23394
23453
23553
23788
23794
24066
24090
24173
24577
24598
24957
25069
25342
25716
25835
26522
26764
26899
27083
27507
27986
28030
28033
28236
28299
28320
28985
28987
29142
29144
29177
29214
29277
29299
29704
29792
30150
30284
30286
30692
30908
31301
31527
31601
31740
31830
32276
32334
33081
33109
33267
33402
33747
34039
34706
34849
34955
35512
36053
36384
36664
36758
36789
36827
36843
36878
36933
37200
37397
37713
38260
38465
38582
38714
38881
38962
39190
39313
39617
39687
39786
40024
40213
41496
41861
41889
42192
42458
42524
42902
43062
43147
43241
43268
43430
43942
44001
44157
44211
44450
44527
44535
44590
44646
44986
45048
45115
45241
45368
45463
45608
45755
45919
46316
46354
46421
46572
46713
46841
47028
47139
47589
47681
47713
47853
47923
48145
48312
48607
48610
48654
48680
49017
49346
73
142
435
571
625
660
804
1014
1103
1382
1527
2025
2257
2748
2822
2949
3131
3154
3377
3518
3731
3752
4673
4770
4791
4818
4916
5120
5143
5258
5323
5361
5516
5536
5603
5716
6126
6411
6660
6875
6913
6914
6993
7077
7176
7530
7575
7754
8034
8080
8133
8177
8196
8238
8292
8660
8728
9576
9760
9786
9819
9832
10100
10123
10178
10448
10576
10612
11146
11273
12062
12110
12202
12399
12444
12495
12589
12697
12954
12958
13028
13251
13395
13507
13566
13735
14141
14631
14653
14737
14771
14978
15393
15526
15569
15599
15602
15626
15640
16353
16451
16495
16685
17008
17829
18009
18017
18136
18232
18244
18812
18876
18879
18946
18975
19188
19209
19242
19373
19391
19687
19708
19750
19872
19883
20260
20473
20608
20712
20740
21017
21332
21335
21472
21780
21844
21915
22064
22193
23133
23230
23819
24086
24233
24240
24503
24867
24922
25173
25578
25593
25848
25895
25963
26108
26258
26408
26419
26508
26750
26821
26995
27119
27411
27655
27897
28023
28131
28206
28282
28341
28541
28634
28718
28827
29155
29205
29398
30004
30264
30414
30472
30753
31108
31119
31221
31311
31441
31929
32180
32382
32467
32599
32730
32822
33103
33146
33177
33869
33961
33967
33985
34045
34242
34267
34274
34472
34540
34682
34757
34842
34926
35429
35432
35486
35980
36102
36113
36186
36203
36454
36499
36561
36995
37078
37324
37485
37507
37564
37742
37819
38041
38201
38225
38454
38760
38820
38992
39468
39902
40105
40200
40964
41043
41160
41175
41212
41532
41534
42139
42332
42821
43277
43505
43602
43883
44058
44313
44357
44636
44716
45250
45303
46184
46458
46477
46480
47155
47230
47328
47335
47560
47608
47670
47722
47916
48650
48663
48737
48837
49306
49384
49494
49787
49884
42
415
540
677
694
967
998
1104
1152
1317
1384
1800
2047
2134
2271
3110
3330
3552
4372
4739
5128
5297
5331
5355
5419
5749
6199
6711
6729
6845
6856
6956
7300
7361
7425
7892
8309
8358
8861
8880
9040
9135
9176
9274
9283
9463
9668
9782
9903
9929
9979
10101
10150
10185
10447
10629
10944
10970
11290
11353
11967
12012
12159
12265
12371
12586
12709
12948
12949
13087
13351
13614
13737
13750
13862
13873
13915
13998
14362
14788
14816
14983
15237
15252
15274
15789
15869
16022
16082
16575
16809
17551
17643
18115
18177
18182
18188
18424
18583
19066
19311
19906
20066
20395
20691
20845
20910
20921
21067
21737
21754
21789
22030
22203
22365
22373
22468
22630
22917
22970
23157
23328
23335
23359
23425
23437
23803
24013
24613
25010
25054
25165
25238
25335
25339
25814
25920
26100
26211
26555
26628
26656
27105
27198
27213
27383
27779
28029
28042
28066
28885
28914
28945
29106
29383
29561
29997
30073
30096
30109
30407
30583
30594
31332
31457
31475
31537
32285
32504
32978
33416
33422
33897
34272
34466
34590
34698
35106
35256
35268
35891
36238
36484
36580
36743
36755
36822
36990
37186
37187
37214
37513
37765
38165
38562
38751
39338
39354
39469
39579
39734
39749
39800
39801
40287
41102
41183
41694
42099
42260
42337
42361
42758
42801
42857
43072
43242
43258
43394
43545
43701
44380
44585
44620
44703
44721
44752
44815
44999
45279
45330
45511
46041
46171
46205
46317
46489
46513
46519
46822
46915
47820
48112
48162
48811
48903
48908
49447
49557
49863
332
541
775
778
883
1047
1123
1189
1348
1389
1396
1452
1793
1906
1942
2585
2877
3517
3564
4089
4183
4325
4424
4618
4997
5372
5637
6034
6129
6298
6344
6373
6477
6616
6794
6890
6924
7727
7800
7809
7826
8611
9046
9296
9458
10659
10676
11125
11204
11526
11603
11660
11709
12397
12531
12566
12942
12974
13167
13208
13235
13580
13597
13613
13930
13934
14032
14209
14349
14548
15266
15535
15712
15750
16132
16376
16648
16842
17214
17456
17497
17804
17919
18277
18411
18577
18685
18740
18761
18799
18921
19024
19039
19215
19459
19579
19605
19733
20054
20087
20089
20250
20382
20463
20547
21119
21132
21142
21174
21182
21703
21924
21998
21999
22154
22244
22779
23084
23247
23660
23697
23711
23814
24441
24654
24687
24767
24826
24829
24888
25257
25507
26071
26186
26238
26322
26488
26492
26678
26738
26743
26754
26807
26858
27161
27651
28014
28083
28922
29079
29274
29288
29348
29835
30151
30226
30485
30555
30592
31438
31827
31853
32112
32570
32652
32699
33010
33022
33028
33102
33164
33604
34019
34030
34180
34256
34401
34459
34534
34623
34837
34970
35400
35476
35562
35733
36537
36603
36936
36949
37042
37081
37083
37233
37602
37858
38307
38341
39054
39248
39356
39410
39427
39520
39994
40178
40250
40283
40544
40921
41208
41292
41498
41554
41704
41778
41945
42485
42867
42904
42951
42992
43076
43109
43372
44078
44300
44347
44975
45235
45600
45611
45668
45742
45967
46003
46082
46101
46187
46465
46535
46666
46882
46982
47093
47237
47513
47872
48068
48091
48337
48434
48501
48913
48951
49007
49070
49095
49107
49295
49530
49790
49851
49974
64
82
376
495
822
1325
1507
1654
1996
2020
2527
2685
2713
2905
2976
3027
3432
3473
3784
3982
4814
4904
4917
5227
5280
5406
5604
5630
6136
6203
6264
6882
6906
7047
7087
7208
7250
8245
8307
8437
8534
9005
9452
9473
9487
9564
9652
9736
9808
9813
10210
10281
11183
11538
11565
11571
11784
11927
12156
12595
12611
12856
12901
12905
12976
13017
13490
13633
13758
13897
14165
14179
14207
14670
14839
14885
15239
15657
15766
15866
16062
16241
16528
16622
16740
16812
17005
17202
17500
17612
17900
18138
18639
18641
18982
19084
19268
19307
19488
19641
19670
20049
20455
20567
20926
20947
21038
21096
21325
21361
21461
21572
21669
21761
21939
21952
22178
22238
22395
22565
22697
22872
23057
23094
23351
23554
24053
24120
24390
24589
24977
25147
25524
25525
25592
25824
26083
26332
26534
26842
26928
27166
27171
27390
27537
28565
28662
28753
28951
28979
29069
29219
29275
29707
29730
29797
30517
31191
31485
31613
31618
31758
31791
32352
32502
32530
32581
33229
33492
33907
33924
34248
34358
34391
34927
34987
35177
35435
35507
35634
35714
36103
36167
36194
36578
36608
36667
36686
37130
37515
37527
37588
37640
37817
38046
38099
38230
38481
38662
38697
38924
38943
39618
39858
40536
40553
40639
40675
40761
41199
41608
41739
41879
42112
42232
42425
42770
42793
42805
42863
43004
43281
43322
43453
43606
43837
43905
44167
44654
44793
44971
45056
45645
45852
45988
46074
46585
46787
46949
47802
48071
48403
48534
48586
49434
49511
49857
247
425
461
717
1522
1674
1826
1993
2135
2406
2757
3296
3826
3918
3933
3984
4262
4564
4642
4833
4892
4969
5259
5461
6588
6793
7134
7577
7582
7736
7879
7888
7931
8103
8182
8203
8214
8344
8411
8789
9089
9103
9168
9753
9809
9949
10003
10011
10431
10461
10625
10977
11604
11657
11768
11785
12312
12420
12433
12525
12562
12726
12757
12776
12859
12866
12947
13503
13618
13850
14033
14056
14115
14481
15134
15474
15516
15550
16008
16164
16244
16259
16371
16396
18036
18231
18433
18700
19132
19392
19631
19811
20036
20420
21025
21158
21190
21217
21496
21724
22079
22118
22325
22687
22695
22883
22942
23068
23087
23138
23355
23704
23785
24189
24726
24778
24780
24833
24925
25284
25290
25601
26067
26221
26438
26525
26992
27070
27079
27388
27797
28044
28107
28444
28632
28975
29526
29686
29725
30021
30200
30253
30499
32007
32637
32849
32962
33057
33127
33139
33465
33571
33836
34298
34380
34418
34482
34591
34763
35285
35340
35726
35925
36133
36236
36465
36613
37302
37406
37892
38284
38488
38636
38790
38919
38945
39360
39408
39439
39487
39564
39609
39623
39982
40263
40721
40851
40860
41407
41741
41894
42265
42928
43128
43300
43443
43467
43478
43554
43638
43717
43856
43878
43893
43934
43936
44199
44455
45442
45495
45551
45865
46197
46703
46858
47360
47600
48214
48621
48699
48847
49081
49177
49374
49404
49953
22
86
98
144
387
481
981
1094
1920
1943
2042
2114
2334
2361
2969
3066
3181
3271
3403
3454
3656
3795
4304
4379
4755
4826
5123
5565
5600
5640
5735
5841
6215
6229
6585
6609
6646
6922
7086
7135
7697
8075
8127
8404
9000
9456
9539
9637
10030
10106
10121
10129
10303
10430
10638
10794
10830
10919
11054
11448
12080
12274
12343
12538
12646
12679
12783
13046
13080
13216
13287
13341
13388
13879
13962
15028
15797
15915
16143
16246
16281
16467
16604
17037
17366
17491
17621
17845
17930
18397
18855
18859
18969
19706
19987
20011
20051
20311
20484
20679
21122
21143
21306
21382
21585
21797
21996
22087
22782
23034
23273
23510
23610
23870
24115
24273
24395
24491
24565
24567
24578
24727
25135
25136
25202
25326
25410
25717
25816
25922
26076
26286
26307
26571
26777
26957
27737
27876
27994
28143
28301
28974
29238
29992
30002
30176
30302
30466
30720
30759
31091
31336
31654
31804
31861
32388
32557
32574
32625
32716
32722
32731
33169
33239
33903
34035
34073
34483
34612
34622
34845
35116
35417
35718
35843
36048
36753
36786
36904
36943
36980
37019
37123
37350
37518
37561
37626
37781
37893
38022
38129
38189
38257
38343
38527
38634
38635
38705
38832
39048
39209
39372
39848
40021
40276
40469
40549
40772
40848
40953
41001
41389
42714
42987
43253
43676
43836
44670
44801
44822
44861
45311
46089
46727
46830
46967
47074
47174
47300
47320
47451
47456
47758
48800
48982
49125
49153
49205
49297
49410
49562
49593
49885
65
138
582
614
760
933
1069
1266
1307
1480
1734
1823
1833
2065
2142
2228
2403
2469
2511
2521
2687
3030
3129
3132
3159
3247
3268
3571
3980
4316
4751
4796
4956
5021
5037
5753
6088
6247
6396
6928
7414
7479
7580
7625
7685
7814
7960
8482
8702
9319
9547
9624
9796
9959
9983
10143
10206
10251
10410
10414
10657
10942
11013
11241
11242
11464
11627
11679
11859
12418
13116
13144
13172
13232
13530
13744
14322
14423
14435
14612
14739
15027
15061
15181
15541
15827
15925
16018
16200
16408
16582
16698
16705
17016
17075
17187
17495
17579
17724
17985
18026
18109
18285
18419
18442
18537
18606
18694
19143
19578
19589
19727
19757
19971
20020
20209
20430
20586
20879
20982
21200
21351
21595
21752
21896
21958
22117
22215
22270
22742
22795
23025
23096
23193
23325
23860
23951
24207
24944
25277
25536
25588
25713
25721
25940
26069
26287
26536
26914
27113
27139
27190
27211
27369
27423
27524
27533
27680
27732
27809
28176
28267
28391
28520
28771
29024
29087
29228
29263
29454
29575
29696
29769
29804
30734
30781
31222
31502
32203
32242
32391
32478
33097
33594
33663
33686
33919
34016
34193
34492
34695
34803
34844
35124
35351
35649
35779
36003
36237
36321
36361
36770
37060
37389
37490
37927
38276
38434
38542
38763
38766
38894
39291
39355
39406
39597
39641
39788
39815
39888
39970
40522
40542
40624
40652
40753
40845
40857
40878
40924
40973
41151
41368
41425
41482
42200
42453
42467
42798
42995
43290
43354
43694
43767
43935
43977
44350
44609
44841
44902
44970
45007
45476
45630
45776
45863
45970
46152
46514
47496
47544
47748
48072
48137
48612
48831
48842
48918
49051
49109
49353
49693
49720
49943
49961
76
264
350
526
534
596
661
1098
1157
1437
1912
2031
2369
2393
2429
2819
3464
3600
3608
3613
4070
4619
4624
4801
5394
5542
5569
5976
6094
6177
6270
6484
6799
6926
7129
7246
7294
7654
7746
7841
7973
8158
8236
8357
8751
9083
9198
9214
9367
9402
9535
9665
9694
9732
9980
10005
10045
10503
10670
10861
10868
10965
11294
11501
11794
11885
11921
12020
12077
12417
12663
12713
12851
13282
13308
13370
13422
13779
13945
14138
14214
14276
14278
14300
14398
14493
14608
14949
15057
15295
15300
15521
15566
15573
15679
15896
16503
16750
16885
16961
17204
17231
18948
18995
19263
19412
19420
19782
19817
19919
20074
20170
20275
20348
20851
20860
21051
21271
21357
21422
21579
21599
22145
22253
22324
22357
22463
22636
22642
22668
23051
23179
23308
23327
23408
23657
23744
24067
24186
24437
24464
24698
24788
24966
25132
25139
25333
25579
25673
25739
25893
26062
26826
27148
27335
27428
27444
27535
27561
27579
27596
27687
27703
27821
28061
28306
28888
29093
29140
29467
29796
29926
30347
31019
31703
31718
32251
32482
32545
32560
32591
32994
33666
33772
33782
33828
34142
34241
34390
34625
34643
35647
35676
36072
36487
36556
36668
36845
37058
37169
37528
37782
37843
37944
37994
38078
38525
38771
38798
38836
38883
39153
39421
39437
39592
40176
40441
40545
40661
40817
40894
41188
41371
42275
42612
42709
42828
43083
43427
43498
43558
43749
44025
44185
44499
45052
45445
45650
45749
46011
46030
46068
46140
46573
46702
47255
47305
47396
47596
47696
48043
48139
48572
48830
49300
49304
49708
49772
49816
32
62
511
1243
1392
1623
1729
1884
1897
1905
2121
2163
2291
2330
2505
2959
3209
3253
3289
3848
3913
4204
4250
4546
4577
4686
4712
4713
4882
4960
5111
5188
5491
5543
5567
5819
6030
6033
6047
6098
6125
6212
6391
6530
6532
6558
6699
6795
6971
7166
7275
7303
7520
7538
7618
7732
7955
8040
8266
8495
8681
8701
8779
9525
9599
10667
10673
10839
10856
11059
11587
12296
12753
12772
12867
13051
13158
13294
13397
13498
13684
13743
14579
14694
15001
15037
15045
15080
15320
15622
16162
16236
16331
16836
16850
16982
17062
17259
17613
17647
17869
18399
18521
18647
19079
19220
19623
19719
19796
20188
20611
22102
22221
22320
22374
22480
22591
22599
23032
23101
23121
23156
23259
23605
23630
23895
24210
24239
24252
24449
24672
24929
24951
25138
25310
25421
25576
25858
25916
26021
26037
26219
26467
26470
26674
27278
27298
27308
27745
28462
28560
28742
29016
29442
29562
30000
30056
30111
30406
30904
31092
31160
31228
31386
31815
31935
32015
32028
33403
33950
34808
35019
35080
35092
35548
35573
35756
36107
36178
36309
36360
36393
36600
36766
36816
37087
37124
37925
38002
38179
38296
38748
38958
39135
39242
39395
39426
39441
39647
40070
40085
40113
40162
40206
40746
40785
41337
41388
41470
41646
41815
41851
41993
42215
42316
42349
42533
42543
42739
43000
43179
43377
43408
43891
43931
44198
44281
44396
44542
44963
45010
45084
45264
45968
46209
46627
46714
47016
47034
47156
47356
47403
47474
47552
47733
48625
48665
49310
49323
49468
49580
49729
49797
49956
103
486
551
753
1314
1340
1541
1985
2341
2464
2843
3727
3839
4338
4596
4627
4765
4894
4931
5019
5386
5590
5614
5646
5699
5752
5971
5996
6156
6161
6297
7203
7296
7399
7402
7439
7505
7994
8276
8289
8986
9281
9814
10017
10149
10267
10302
10487
10532
10834
11104
11169
11259
11720
11751
11767
11874
11907
11946
11990
12207
12284
12350
12449
12655
12865
13123
13413
13491
13626
13651
13746
13764
14442
14575
14875
14894
14952
15044
15100
15883
16187
16250
16327
16410
16492
16669
16825
17049
17146
17337
17616
17628
17796
17831
18060
18118
18154
18391
18558
18861
18986
19183
19211
19322
19523
19652
19732
19744
20122
20342
20532
20856
21133
21419
21448
21635
21863
21872
21933
22134
22161
22717
22909
22969
23005
23055
23246
23517
23709
23928
24004
24271
24749
24750
24807
24972
25689
26518
26588
26624
26813
27142
27209
27214
27412
27496
27499
27529
27593
28018
28257
28452
28470
28622
28869
29644
29752
30060
30424
30497
30643
30694
30699
30730
31217
31497
31534
31643
31666
31687
31794
31918
32307
32629
32987
33380
33425
33797
33863
34429
34633
34880
34909
34985
35817
35954
36126
36808
36823
36826
36905
37161
37694
37839
37915
38300
38314
38423
38602
38706
38863
39032
39069
39089
39141
39533
39624
39665
39692
40102
40286
40329
40841
40886
41300
41489
41508
42005
42261
42849
43456
43732
44273
44404
44436
44467
44556
44778
44944
45104
45133
45609
45729
45872
46345
46356
46422
46671
46704
46869
47038
47112
47482
47543
47778
47985
48209
48380
48473
48574
48745
49226
49381
49738
120
165
420
552
976
1101
1171
2005
2159
2553
2573
2825
2885
2894
3202
3363
3492
3707
4582
4633
4797
4983
5334
5675
6154
6248
6282
6426
6980
7305
7474
7540
7568
7786
7810
7867
7901
8100
8135
8197
9115
9501
9636
9937
10189
10593
11001
11349
11600
11605
11636
11782
11917
12101
12277
12662
12670
13088
13125
13272
13459
13668
14364
14897
15012
15034
15077
15193
15468
15585
15861
15929
15986
16301
16388
16731
16996
17009
17207
17421
17594
17600
17680
17850
17856
17866
17887
18006
18103
18205
18346
18466
18498
18807
18846
18941
19357
19471
19847
19868
20064
20285
20353
20370
20876
21106
21498
22001
22043
22188
22296
22928
22939
23609
23611
23646
23672
23770
23821
24255
24731
24741
24868
25322
25616
26042
26121
26124
26214
26503
27066
27854
28009
28161
28240
28274
28638
30022
30289
30574
30770
30816
30905
31265
31598
31606
31751
31813
32068
32708
32943
32953
32992
33183
33553
34010
34072
34153
34220
34226
34988
35237
35346
35348
35636
36277
36397
37050
37378
37648
38015
38809
39017
39061
39122
39412
39643
40062
40074
40092
40128
40797
40901
41028
41029
41251
41309
41853
41930
41991
42322
42514
42799
43065
43371
43605
44035
44070
44285
44551
44757
44982
45317
45351
45500
45761
45985
46319
46341
46382
46818
47011
47052
47524
47657
47743
47824
47901
48446
48484
48580
48759
49036
49114
49173
49525
23
123
160
164
196
271
610
671
849
949
1017
1136
1476
1539
1819
2066
2238
2306
2337
2646
2958
3278
3428
3574
3945
4010
4035
4519
4612
4676
4689
4979
5087
5142
5228
5983
5984
6041
6090
6117
7115
7122
7177
7787
7919
8070
8125
8162
8330
8949
8991
9133
9363
9748
9988
10019
10502
10596
10714
10959
11456
11588
11607
11808
11832
11842
11925
12124
12197
12393
12454
12635
12645
12672
13077
13179
13298
13348
13487
13506
13631
13884
13975
14103
14173
14196
14304
14650
14711
14780
15119
15151
15171
15178
15457
15523
15646
16242
16273
16438
16450
16466
16552
17116
17141
18008
18146
18262
18451
18477
18569
19082
19093
19470
19487
19845
20131
20204
20274
20377
20606
20766
20871
20968
21266
21275
21506
21629
21694
22131
22152
22239
22444
22575
23083
23112
23216
23224
23503
23573
23651
23661
23666
23898
23931
23979
24054
24384
24622
24634
24787
25089
25561
25736
25946
25961
25993
26005
26013
26142
26172
26213
26253
26432
26683
26696
26810
26814
26886
27080
27253
27612
27867
28109
28117
28142
28329
28526
28760
29304
29689
29878
29965
30494
30607
30635
30944
31110
31419
31528
31581
32044
32078
32413
32563
32665
33105
33288
33707
33742
33749
34031
34702
34964
35422
35499
35500
35919
35941
36118
36502
36811
36942
37145
37572
37684
38030
38121
38262
38485
38997
39136
39177
39212
39252
39335
39539
39680
39830
39880
40189
40257
40308
40440
40511
40714
41996
41999
42068
42088
42125
42340
42545
42585
42624
42671
42800
43025
43068
43358
43368
43383
44531
44546
44960
45099
45363
45524
45672
45794
45966
46044
46246
46274
46896
47240
47286
47406
47810
47995
48083
48348
48353
48479
48503
48604
49338
49569
49570
337
630
722
833
942
1002
1248
1817
1871
2169
2611
2907
3156
3336
3580
3607
3757
3870
3895
4211
4361
4387
4466
4496
4626
4634
4702
5118
5137
5484
5868
5918
6001
6150
6416
6471
6550
6709
7127
7160
7167
7404
7556
7782
7942
8139
8244
8427
8599
8904
8953
9003
9569
9664
9737
9966
10141
10196
10234
10350
10472
10636
10885
11120
11177
11829
12018
12047
12098
12175
12843
13011
13096
13124
13128
13143
13405
13550
13591
14086
14487
14549
14563
14858
15004
15255
15412
15528
15616
15645
15878
16275
16474
16704
16770
16888
17346
17640
17824
17963
17993
18289
18330
18552
19015
19056
19112
19225
19421
19897
19951
19976
20043
20044
20327
20585
20596
20771
20841
20908
21242
21665
21777
21946
22415
22663
22678
22788
23326
23342
23377
23518
23671
23743
23876
24165
24419
24693
24917
25117
25641
25926
26174
26315
26481
26685
26892
27366
28392
28498
28675
29054
29528
29671
29810
30345
30550
30579
30599
30907
30960
31284
31579
32194
32223
32390
32536
32810
32858
33023
33303
33538
33609
33715
33839
33866
33891
33933
34450
34500
34618
34726
34744
35271
35276
36130
36135
37024
37125
37325
37659
37717
37891
38039
38234
38328
38365
38453
38609
39425
39481
39635
39678
39755
40061
40398
40526
40898
41179
41507
41537
41760
41780
41793
41821
41841
41912
41939
42355
42466
42492
42505
42614
42734
42752
42769
42836
42936
42985
43024
44038
44362
44446
45187
45273
45420
46110
46119
46189
46508
46615
46635
46688
46782
46833
46956
47004
47046
47083
47792
48181
48226
48230
48321
48393
49367
49431
93
427
434
837
1071
1286
1319
1473
1485
1641
1652
1810
1890
1990
2362
2433
2703
2725
3234
3265
3314
3343
3387
4396
4505
4572
4672
4939
4949
5026
5324
5376
5447
5554
5649
5973
5977
6011
6070
6106
6320
6365
6394
6517
6630
6644
6736
6958
7095
7131
7195
7384
7420
7481
7645
7812
8198
8575
8625
8923
9132
9311
9435
9518
9818
9833
9850
10077
10112
10476
10649
10898
10923
11036
11431
11433
11652
12064
12498
12678
13202
13615
13777
14417
14488
14724
15054
15271
15329
15807
16210
16311
16416
16722
16827
16905
17119
17522
18054
18159
18429
18467
18822
18989
18992
19699
19726
20019
20693
20743
20927
20937
20963
21144
21263
21520
21589
21786
21926
22095
22209
22249
22430
22674
22997
23231
23373
23422
23729
23769
23961
24083
24193
24285
24289
24490
24605
24991
25080
25264
25743
26137
26717
27049
27917
28050
28280
28293
28561
28774
28779
29133
29384
30220
30421
30612
31009
31801
31943
32261
32305
32332
32579
32709
32710
32870
33193
33273
33357
33462
33473
33645
33654
34211
34305
34376
34699
34934
34946
35299
35321
35723
35728
35729
35804
35889
35999
36059
36156
36406
36653
36896
36898
36986
36989
37006
37092
37191
37553
37637
37938
37954
38056
38746
38779
39803
40222
40867
40915
41015
41497
41566
41633
41973
42189
42235
42392
42410
42606
43264
43471
43577
43901
43919
43972
44049
44079
44405
44583
44657
44731
44739
44840
44870
44919
45170
45201
45388
45472
45744
45895
46093
46507
46672
46950
47239
47740
48047
48246
48281
48340
48483
48561
48784
48791
49357
49723
49795
49889
49899
57
107
231
254
569
723
780
813
1129
1224
1309
1353
1380
1386
1592
1783
1875
2203
2696
2768
2988
3116
3281
3356
3497
3809
3920
4215
4403
4421
4802
5131
5151
5203
5234
5353
5403
5510
5754
5886
5937
6236
6319
6442
6524
6893
7297
7379
7761
7830
8110
8211
8227
8668
8686
8721
8744
9116
9263
9399
9468
9532
9794
10058
10072
10299
10386
10483
10555
10727
11035
11084
11089
11180
11578
11650
12002
12081
12424
13048
13089
13356
13402
13493
13806
13992
14163
14430
14506
14715
15385
15459
15809
16733
16935
17043
17126
17160
17178
17625
17910
18224
18331
18932
19329
19414
19497
19852
19943
20093
20509
20925
20987
20998
21001
21394
21547
21699
21727
21791
21840
21945
21954
21974
22875
23702
24149
24284
24960
25198
25598
25935
26136
26167
26210
26368
26462
26670
26876
26881
26883
27284
27381
27495
27843
27862
28154
28309
28410
28420
28586
28795
28816
28833
29022
29025
29071
29547
29811
30019
30159
30385
30578
30586
30670
30854
31060
31169
31244
31456
31604
32154
32433
32948
33027
33501
33678
33831
34261
34355
34452
34713
34727
34954
35000
35063
35330
35345
35366
35632
36002
36184
36208
36658
37114
37197
37735
38084
38574
38857
38869
39146
39165
39229
39251
39633
39967
40023
40126
40201
40292
40405
40455
40521
40604
40620
40655
40880
41347
41645
41649
41779
42152
42282
42384
42404
42610
42973
43423
43494
43507
43547
43568
44136
44163
44712
45023
45205
45260
45406
45539
45801
46451
46547
46616
46737
47221
47777
47982
48647
48715
49055
49216
49411
49455
49538
49643
581
857
1143
1356
1542
1545
1635
1798
1892
1919
1989
1992
2338
2930
3073
3123
3187
3420
3529
3545
3599
3773
3890
3970
4359
4551
4707
4839
5229
5593
5717
5810
5849
5981
6355
6372
6503
6698
6733
7075
7220
7329
7341
7544
7585
7679
7917
8081
8320
8418
8434
8516
9031
9085
9119
9317
9632
9768
9791
10376
10553
10761
10927
11115
11140
11256
11458
11828
11928
12505
12552
12745
12837
12850
12912
13517
13942
13990
14018
14061
14170
14452
14581
14709
14757
14925
15160
15250
15359
15465
15517
15773
15913
16306
16368
16480
16785
16848
16952
16978
17103
17269
17515
17523
17727
17826
18293
18351
18375
18452
19410
19509
19533
19588
19615
19666
19697
19756
19775
20126
20160
20174
20330
20400
20631
20742
21288
21478
21607
21742
21935
22096
22473
22543
22570
22806
23026
23282
23428
23952
24104
24161
24197
24487
24626
25597
25760
25883
25907
25981
25990
26095
26169
26227
26394
26783
26961
27145
27246
27365
27538
27945
28165
28211
28327
28449
28538
28653
28738
28777
28826
28972
29159
29246
29321
29760
29808
30097
30474
30756
31035
31098
31200
31309
31597
32176
32342
32401
32879
32950
33176
33252
33537
33687
33791
33865
33952
33979
34717
34732
34747
34773
34885
34918
35094
35142
35163
35286
35344
35539
35722
35972
36022
36038
36263
36359
36657
37089
37138
37250
37301
37582
37827
37874
38010
38051
38095
38185
38254
38587
38632
39095
39740
40114
40344
40429
40461
40802
41033
41484
41736
41782
41998
42211
42775
42790
42858
42921
42941
42982
43604
43739
43820
44050
44134
44323
44403
44652
44916
45004
45329
45426
45664
45685
46000
46053
46135
46568
47257
47385
47885
48023
48051
48391
48893
49110
49179
49290
49539
49825
129
428
431
700
708
1605
1856
2010
2787
3084
3388
3597
3632
3861
3880
4137
4300
4578
4857
4920
5010
5020
5074
5599
5774
5989
6064
6179
6330
6359
6548
6557
6583
6586
6593
6631
6745
6754
6847
7233
7237
7426
7792
7815
7894
8310
8372
8604
8768
8863
8909
9110
9640
10211
10243
10467
10547
11212
11216
11332
11460
11683
11880
12037
12426
12501
12828
13291
13326
13564
13951
14158
14783
15235
15460
15553
15629
15822
15946
16221
16537
16585
16654
16666
16793
16969
17020
17030
17389
17660
17907
18151
18258
18362
19017
19046
19077
19244
19315
19644
19809
19941
20092
20182
20227
20281
20469
20557
20861
21378
21524
21710
22676
22748
22855
22995
23149
23314
23443
23564
23832
23877
24025
24137
24170
24372
24445
24612
24961
24962
25112
25119
25487
25506
26022
26092
26163
26165
26277
26767
27035
27104
27348
27842
28151
28227
28397
28439
28551
28602
28740
29122
29351
29428
29675
29765
29774
29785
29923
30014
30634
30807
30886
31020
31079
31644
31663
31678
31833
31912
32634
32768
32781
32930
33652
34063
34196
34387
34685
35194
35242
35453
35485
35519
35644
35833
36109
36231
36396
37113
37687
37916
38004
38543
38839
38955
39137
39176
39180
39222
39363
39702
39991
40686
40981
41071
41170
41255
41267
41437
41506
42187
42414
42512
42590
42913
43112
43137
43787
44080
44151
44158
44747
45204
45280
45341
45372
45833
45951
46066
46378
46646
46839
47152
47307
47838
47891
47938
48086
48358
48371
48396
48694
48912
49001
49267
49416
49588
49705
49914
273
335
924
1006
1114
1407
1441
2574
2604
2634
2739
3032
3185
3438
3493
3680
3699
3751
3932
3971
4216
4401
4531
4698
4943
5057
5140
5262
5385
5390
5456
5486
5533
5611
5949
6050
6378
7119
7159
7614
7872
8291
8360
8371
8854
8871
9155
9807
9921
9954
9967
10154
11194
11250
11372
11628
11649
11719
11775
11960
12768
12792
12805
13222
13260
13404
13947
13949
14137
14260
14272
14302
14306
14465
15011
15033
15328
15381
15471
15782
15934
15963
16023
16122
16276
16370
16386
16434
17509
17713
18462
19231
19265
19493
19590
19829
20614
21107
21146
21244
21557
21718
21981
21992
22101
22564
22625
22671
22681
22899
22980
23173
23852
23885
23946
23988
24003
24007
24095
24184
24312
24386
24416
24420
24879
24897
25501
25750
26295
26793
26943
27281
27398
27452
27573
27638
27696
27709
28712
28798
29099
29327
29505
29650
29655
29690
29735
29780
30251
30281
30287
30305
30308
30738
30889
31026
31202
31205
31278
31291
31310
31411
31510
31834
32322
32488
32605
33536
33577
33592
33690
33853
33942
33969
34086
34687
34801
34963
35243
35490
35750
35781
36188
36782
36806
36810
37902
37972
38227
38331
38445
38589
38668
38708
38875
39746
40144
40349
40582
40794
41032
41159
41244
41303
41615
41676
41692
41966
41995
42324
42441
42463
42589
43455
43671
43703
44144
44458
44745
44924
45256
45569
45637
45796
45965
46574
46582
46747
46913
46986
47117
47507
47672
47800
47905
47918
47992
48065
48127
48225
48280
48300
48788
49649
49669
49728
49909
180
320
444
693
776
879
1144
1443
1506
1610
2530
2642
2661
3120
3225
3370
3410
3416
3696
4290
4362
4843
4923
4998
5201
5217
5222
5950
6164
6262
6389
6427
6839
6885
7223
7346
8130
8159
8324
8480
8717
8761
8810
8820
8990
9037
9081
9217
9276
9345
9502
9584
9733
9752
9896
9987
10107
10203
10240
10536
10891
11279
11510
11595
11670
11872
12142
12291
12574
12606
12847
13098
13173
13188
13742
13935
14098
14200
14338
14374
14376
14592
14602
14671
14964
15109
15149
15159
15161
15478
15563
15675
15775
16308
16355
17082
17088
17206
17230
17564
17903
17917
17997
18018
18106
18117
18332
18653
19001
19121
19205
19341
19376
19383
19424
19835
19839
19887
20201
20458
20934
21154
21348
21423
21552
21956
21993
22003
22226
22263
22574
22719
22873
23060
23484
24159
24493
24686
24948
25765
26030
26058
26364
26388
26505
26521
26558
26882
26916
27132
27343
27450
27961
28067
28253
28522
28920
29078
29236
29248
29405
29589
29939
30531
30637
30982
30992
31073
31125
31418
31622
31699
31776
31816
31939
32444
32449
32485
32697
32776
32960
33767
33829
34139
34246
34607
34635
34791
34994
35027
35269
35437
35601
35716
35997
36182
36365
36452
36579
36712
36713
36765
37285
37654
37838
37870
37957
37975
38490
38946
38976
39292
39497
39593
39693
39764
39768
39887
39889
39973
40104
40192
40572
41450
41474
41626
42101
42196
42244
42357
42835
43084
43232
43502
43631
43760
43821
43926
43927
44019
44037
44132
44183
44214
44339
44595
44807
44852
44989
45039
45041
45656
45735
45789
45797
45846
45849
45973
46151
46302
46351
46369
46433
46705
46814
46980
47127
47331
47448
47532
47575
47692
48095
48170
48335
48447
48599
48630
48728
49217
49424
49855
49864
49869
235
252
280
907
1126
1295
1591
1648
1684
1719
1824
2040
2375
2555
2623
2666
3155
3282
3451
3495
3684
3871
4023
4317
4441
4606
4658
4691
4722
4965
5114
5130
5495
5594
5734
5915
6029
6049
6097
6576
6782
6996
7181
7186
7669
7846
8205
8383
8646
8682
9079
9185
9418
9459
9549
10048
10142
10349
10630
11432
11527
11541
12121
12249
12676
12687
12769
12870
13581
13952
14106
14111
14119
14377
14457
14462
14871
14942
15169
15248
15263
15293
15723
16256
16295
16325
16611
16629
16646
16742
16843
16923
17014
17177
17283
18943
18959
19981
20128
20199
20206
20496
20619
20781
20999
21366
21932
22044
22124
22151
22420
22725
22954
23190
23311
23321
23680
24072
24313
24632
24655
25668
26039
26160
26194
26300
26471
26562
26565
26773
26859
27172
27324
27375
27500
27510
27630
28279
28469
28476
28695
29121
29282
29300
29783
29921
30005
30306
30388
30543
30553
30723
30741
30880
30961
31458
31468
31697
31742
32409
32576
32932
33113
33733
33848
33908
34071
34245
34479
34553
34587
34972
35021
35126
35143
35561
35657
35698
36033
36080
36222
36410
36564
36646
37268
37445
37461
37497
37506
37889
38384
38886
39198
40301
40427
40537
40720
40792
41296
41465
41499
41609
41740
41754
41814
42184
43120
43352
43385
43391
43433
43477
43509
43566
43575
43763
43785
43843
43862
44236
44541
44627
44656
44738
45131
45198
45612
45759
46261
46463
46981
46988
46993
47105
47114
47449
47469
47501
48030
48069
48270
48283
48360
48407
48474
48593
48674
49194
49272
49713
49752
49754
150
608
711
947
951
1257
1290
1472
2128
2240
2242
2427
2572
2708
2829
3395
3411
3701
3742
4068
4314
4513
4620
4807
4838
4900
5178
5779
5790
5815
6358
6564
6610
6739
6740
6776
6802
6814
6887
6927
7169
7684
8124
8390
8402
8467
8927
8954
8995
9162
9421
9557
9958
10062
10783
11060
11135
11321
11480
12220
12328
12412
12614
12615
12716
12841
12854
12884
13067
13086
13141
13267
13378
13502
13933
13960
14051
14118
14216
14247
14295
14905
15165
15294
15601
15699
15740
15779
15808
16063
16395
16716
16718
16965
17424
17468
17592
18074
18111
18541
18637
18919
19240
19326
19565
19629
20446
21003
21062
21075
21304
21731
21790
21861
22425
22740
22900
23117
23143
23203
23344
23774
23937
24659
25321
25636
25694
25936
26319
26371
26469
26474
26958
27069
27434
27752
27824
28393
28633
28645
28647
28802
28829
29153
29571
29753
29884
29894
30178
30410
30660
31565
32214
32415
32567
32680
33004
33215
33343
33605
33944
34294
34441
34515
34583
34709
34738
34921
35272
35302
35317
35394
35556
35947
35976
36254
36431
36524
37500
37776
37809
38042
38069
38531
38773
39321
39357
39405
39452
39707
39881
40072
40645
40719
40883
40939
40968
41045
41387
41614
41711
41880
41977
42069
42397
42573
43207
43262
43425
43520
44366
44372
44479
45043
45116
45589
45763
46052
46112
46328
46335
46365
46523
46590
46960
47035
47398
47582
47710
47965
47974
48109
48125
48128
48185
48306
48757
48789
49531
49841
49898
49906
114
497
578
605
626
687
710
782
828
989
1100
1493
1976
2095
2248
2365
2516
2727
2802
3069
3267
3301
3407
3762
3824
4343
4557
4611
4635
4721
5009
5054
5092
5167
5209
5237
5305
5330
5473
5550
5553
6266
6429
6641
6678
7236
7308
7408
7698
7842
7925
7980
7982
7990
8629
8684
8859
9010
9209
9284
9401
9997
10245
10914
11544
11559
11594
11634
11774
11910
12106
12218
12329
12522
12642
13183
13338
13363
13442
13492
13509
13553
13637
13670
13794
13830
13858
14229
14240
14371
14464
15330
15481
15829
15857
15940
15999
16218
16268
16405
16447
16524
16880
17234
17376
17767
17998
18022
18209
18256
18291
18454
18456
18520
18556
18582
18805
19369
19472
19659
19665
19862
20179
21061
21231
21570
21818
21930
22062
22412
22882
22982
23372
23802
24046
24202
24366
24681
25000
25613
26231
26243
26346
26428
26589
26680
26737
26867
27237
27320
27744
27753
28311
28509
28553
29028
29440
29463
29972
30043
30049
30142
30589
30743
30804
31344
31526
31610
31612
31720
31984
32122
32124
32325
32460
32701
32740
32750
32815
32976
33187
33778
33850
34116
34428
34714
35277
35300
35347
35717
36023
36036
36095
36338
36539
36614
36638
36704
37027
37112
37439
38274
38281
38311
38594
39067
39105
39125
39155
39230
39584
39684
39884
39954
40047
40197
40306
40458
40502
40519
40715
40747
40877
41415
41717
41844
42461
42522
42539
42663
42852
42899
42909
43005
43043
43096
43150
43339
43642
43670
43918
44516
44537
44597
44966
45525
45869
45916
46094
47144
47218
47518
47610
47767
48061
48294
48511
48521
49213
49668
49706
1590
2168
2701
3850
3969
4103
5117
7091
8143
10703
11786
12180
13451
13795
13856
15096
15656
16261
16442
17720
18297
18765
18931
19088
19387
19825
20568
20576
20661
20877
22494
23598
23746
23816
24757
27462
27558
29207
29313
30091
32087
35209
35521
36106
36180
41044
41239
43900
43957
44123
45228
46158
46304
46482
47045
48329
48798
341
455
940
1672
1742
2164
2256
2408
2550
2878
3015
3100
3153
3788
4084
4158
4508
4567
4768
4948
4993
5095
5232
5251
5363
5378
5566
5581
6267
7421
7511
7564
8397
8444
8558
8568
8795
9260
9271
9321
9855
10152
10163
10393
10412
10422
10737
10848
10978
11058
11123
11386
11569
11894
11957
11965
12139
12166
12351
12459
12565
12643
12732
12750
12834
12957
13104
13108
13111
13754
13824
14043
14334
14479
14648
14970
15056
15398
15530
15531
15681
15698
16580
16603
17651
17884
18227
18275
19116
19718
19720
19985
20071
20150
20257
20372
21156
21323
21330
21462
21577
21683
21748
22035
22132
22403
23226
23935
24359
25388
25483
25499
25774
25849
25885
25948
26035
26342
26529
26641
27247
27522
27730
27955
28642
28694
28916
29072
29206
29422
29576
29588
30024
30342
30482
30598
31394
31636
31680
32148
32767
33024
33133
33487
33621
33705
33788
33886
33999
34363
34523
35128
35216
35469
35488
35745
35909
35963
35967
36090
36100
36245
36548
36836
37017
37193
37402
37695
38037
38153
38233
38347
38524
38528
38563
38856
39261
39527
39582
39629
40636
40697
40707
40815
40875
40942
41007
41278
41342
41445
41469
41582
41584
41663
41919
42044
42822
43089
43151
43288
43323
43326
43370
43522
43591
43822
43875
43941
44451
44504
44617
44633
45288
45636
45746
46103
46275
46315
46366
46391
47169
47656
47816
47878
47930
48009
49122
49249
49284
49335
49409
49521
49526
49611
203
439
732
856
877
1199
1797
2109
2187
3003
3537
4479
4602
4687
4776
5271
5317
5482
5704
5845
6301
6388
6403
6475
6580
6656
6779
7281
7694
7757
8064
8515
8811
8894
9129
9661
9788
9828
9865
9926
9975
10008
10241
10378
10397
11211
11226
11434
11495
11549
11562
11645
11856
11901
11912
11970
12008
12113
12361
12381
12714
12758
12975
13164
13203
13448
13693
14001
14038
14144
14280
14467
14503
14555
14654
14895
14982
15399
15532
15544
15706
15744
16069
16107
16270
16354
16551
16638
16664
16706
16791
16900
17019
17516
17617
18034
18306
18418
18752
19128
19434
19711
19877
19909
19956
20004
20109
20180
20505
20678
20775
20881
21056
21205
21308
21649
21717
21805
22177
22572
22649
23040
23490
23563
23642
23674
23782
23892
23966
24076
24369
24477
24541
24649
24890
24892
25065
25312
25392
26117
26133
26196
26418
26500
26662
26667
27264
27467
27690
27820
27923
28116
28229
28737
28896
29268
29295
29357
29842
29971
30271
30874
31305
31573
31897
32299
32315
32321
32682
32791
32983
33144
33480
33513
34067
35041
35073
35360
35362
35495
35970
36161
36262
36358
36409
36553
36575
36584
36818
36886
37026
37333
37352
37422
37533
37628
37815
37895
38083
38152
38388
38567
38768
38904
38987
38990
39365
39386
39513
39904
39983
40388
40475
40718
40977
41055
41628
41718
41867
42520
42702
42750
42978
43695
43989
44009
44168
44268
44463
44681
44692
44937
45014
45339
45484
45545
45734
46670
46673
46979
47233
48013
48192
48213
48427
48567
48836
48960
49042
49432
12
529
680
876
980
1187
2111
2118
2130
2342
2500
2656
2723
2886
2981
3147
3694
3999
4074
4169
4442
4902
5104
5159
5160
5187
5395
5801
5979
6099
6168
6397
6520
6575
6635
6840
7364
7419
7440
7533
7696
8012
8058
8262
8608
8696
8790
8888
8993
9120
9449
9482
9611
9718
9854
9963
10398
10599
10731
11585
11664
12335
12421
12494
12524
13149
13419
13545
13748
13766
13929
14281
14995
15118
15615
15793
16002
16125
16141
16154
16248
17258
17391
17723
17785
17828
18539
18968
19054
19063
19267
19530
19873
19900
20132
20192
20280
20305
20369
20426
20610
21230
21446
21744
21910
22376
22514
22846
22885
22926
23262
23301
23737
24360
24392
24480
24648
25261
25297
25325
25405
25417
25624
25722
25891
25945
26047
26094
26396
26803
26986
27479
27672
27865
27887
27967
28220
28536
28938
28952
29283
29349
29598
29652
29693
29987
30076
30362
30537
30700
30722
30963
31056
31070
31430
31871
32165
32229
32484
32607
32666
33184
33342
33516
33637
33844
34032
34130
34420
34632
34634
34806
34846
35615
35735
36176
36449
36534
36679
36952
37012
37063
37159
37288
37476
37697
37762
37836
37982
38459
38819
38977
39186
39287
39521
39543
39596
39613
39654
39661
39706
39774
39874
40160
40500
40769
40927
41027
41145
41246
41345
41401
41501
41669
42581
43125
44203
44869
45343
45437
45449
45450
45452
45534
45877
46113
46583
46679
46775
46812
46926
47122
47130
47164
47427
47545
47607
47747
47935
48066
48291
48555
48635
48658
48673
48684
49008
49023
49144
49202
49514
49932
49955
49985
49988
136
359
397
544
574
602
713
869
1076
1249
1805
1806
1840
1841
1934
2160
2446
2494
2830
2950
3653
4416
4506
4581
4809
5265
5384
5424
5733
5739
5740
5894
6208
6502
6602
6797
7060
7253
7483
7722
7767
7811
8054
8302
8423
8574
8774
8849
9229
9412
10038
10668
10699
11023
11272
11428
11661
11949
12100
12108
12145
12225
12485
12490
12917
12950
13012
13204
13322
13423
13434
13805
14047
14107
14168
14180
14199
14586
14610
14661
14862
15184
15369
15426
15683
15996
16024
16109
16128
16329
16641
17552
17778
17814
18071
18096
18398
18509
18517
18664
18784
18960
19047
19104
19148
19386
19638
19705
19753
19861
20339
20403
20554
20672
20854
21662
21775
21969
22015
22172
22216
22607
22608
22617
22800
22884
22959
22965
23066
23110
23343
23805
24081
24319
24901
25270
25313
26152
26809
26844
26913
27020
27310
27511
27640
28020
28052
28085
28332
28605
28621
28925
29202
29507
29720
30180
30293
30299
30595
30782
31133
31190
31243
31443
31474
31891
32117
32293
32424
32468
32520
32539
32818
33351
33691
33826
34074
34195
34205
34360
34464
34478
34579
34636
34710
34797
34928
34929
34957
35334
35456
35765
35973
35987
36356
36376
36520
36701
36722
37287
37293
37463
37646
37675
37886
38200
38400
38401
38604
38667
38680
39068
39150
39223
39534
39594
39719
39932
39941
40025
40150
40462
40477
40713
40831
40911
41573
41976
42026
42159
42488
42502
42846
43180
43270
43293
43350
43943
43986
44055
44690
44751
44829
44909
45141
45194
45587
46021
46186
46216
46252
46722
46764
46800
47511
48369
48452
48536
48681
48917
48963
48977
49286
49507
53
87
153
288
368
638
1010
1621
3112
3240
3575
3904
4261
4565
4568
4594
4774
4905
5558
5857
6158
6202
6552
6600
6908
7539
7791
7954
8191
8268
8319
8389
8846
8914
8988
9101
9433
9560
9622
9795
10529
10535
10635
10821
10922
10936
11203
11563
11728
11868
12045
12214
12253
12339
12373
12575
12665
12741
13177
13468
13588
13673
14686
14815
15400
15408
15787
15788
15899
15906
15974
16129
16243
16352
16543
16909
16945
17375
17488
17899
18005
18287
18722
18929
18956
19140
19196
19439
19619
19624
20027
20063
20116
20352
20986
21022
21316
21464
22176
22228
22305
22521
22615
22913
23061
23186
23391
23675
23806
24415
24539
24715
24894
24895
25043
25094
25315
25371
25539
25563
25564
25880
26294
26466
26526
26790
26946
26979
27165
27333
27451
27469
27553
27838
27985
28121
28324
28334
28756
29012
29579
29814
29860
29994
30041
30217
30585
30651
30916
30967
30972
31104
31238
31570
31750
31752
31756
31856
31896
32034
32254
32512
32542
32696
32790
32954
33078
33559
33730
34310
34519
34832
34853
34944
35083
35150
35152
35227
35595
35751
35753
35805
35842
35906
36219
36327
36478
36705
36718
36761
36840
37314
37410
37420
37438
37469
37495
37519
37755
38329
38428
38568
39484
39722
40035
40120
40266
40540
40656
41095
41568
41642
41643
41664
41742
42046
42568
42634
42854
42956
43537
43555
44267
44718
44858
45031
45042
45102
45182
45584
45760
45980
46677
46813
46845
47556
47622
47651
47783
47954
47998
48104
48301
48338
48344
48436
48478
48520
48539
48582
48891
49143
49426
49609
99
168
482
861
920
1154
1308
1737
1885
2454
2809
3038
3425
3948
4374
4895
5028
5341
5377
5381
5864
6056
6387
6460
6578
6670
6752
6769
6771
6775
7174
7383
7547
7658
7861
7868
7918
7929
8016
8098
8370
8535
8652
8732
8951
9672
9800
10053
10164
10300
10399
10495
10669
10983
11098
11199
11682
11757
11952
12588
13064
13538
13918
14558
14750
14802
15568
15794
16356
16645
16711
16869
16916
17459
17852
17874
17987
17989
18041
18084
18093
18692
18979
19165
19239
19247
19277
19671
19713
20244
20279
20295
20733
20902
21041
21458
21480
21542
21666
21782
21806
21834
21960
22017
22552
22691
22932
23135
23153
23172
23361
23410
23464
23667
23930
24061
24062
24119
24140
24344
24470
24471
24751
25087
25470
26390
26585
26643
27008
27407
27532
27550
27757
27907
28012
28636
28895
29466
29803
30003
30233
30444
30447
30715
30784
30995
31380
31491
31645
31737
31759
32014
32051
32120
32121
32661
32672
32739
32840
32898
33540
33827
33890
34085
34120
34311
34824
35039
35667
35939
36077
36344
36514
36856
36947
37747
38232
38252
38788
39027
40744
40926
40991
41152
41619
41772
42052
42237
42276
42326
42630
42722
42875
43414
43801
44269
44385
44422
44448
44517
44532
44892
44905
45214
45432
45538
45992
46090
46161
46339
46623
46768
47137
47196
47490
48554
49033
49388
49641
49835
56
268
342
408
447
615
641
1037
1054
1250
1311
2000
2015
2018
2208
2217
2445
2582
2665
2861
2863
3089
3162
3194
3566
3585
3642
3779
3963
3966
4018
4099
4356
4376
4573
5040
5071
5306
5310
5836
5945
6055
6060
6138
6510
6792
6827
6911
6942
6959
7008
7375
7593
7882
8011
8243
8300
8673
8694
8703
8718
8758
9076
9130
9315
9437
9578
9610
10026
10090
10147
10233
10534
10610
10851
10910
11017
11021
11127
11393
11640
11805
11985
12107
12439
12673
12812
12932
13041
13075
13097
13161
13307
13379
13385
13476
13881
13916
14084
14231
14261
14290
14324
15000
15090
15214
15298
15424
15515
15885
16086
16583
16662
16755
16932
16958
17108
17210
17261
17286
17351
17637
17722
17835
17851
18105
18310
18581
19189
19454
19620
19730
19966
20427
20789
20967
21555
21659
21660
22242
22483
22880
23604
24031
24151
24267
24510
24805
24861
25200
25212
25481
25495
26006
26175
26865
26989
27007
27130
27432
27608
27698
27881
27902
27975
28134
28606
28685
28971
29116
29424
30195
30503
30834
30947
31013
31960
31977
31993
32492
32527
32845
32963
32966
32999
33163
34530
35235
35687
36159
36255
36310
36322
36442
36893
36924
37243
37529
37851
37900
37918
38273
38396
38507
38564
38570
38717
39100
39789
40139
40231
40489
40584
40625
40825
40884
41379
41681
41785
41859
41967
42083
42542
42716
42726
42760
43216
43439
43596
43706
43976
44056
44289
44375
44412
44483
44863
45217
45397
45474
45510
45937
46036
46125
46147
46283
46586
46753
46762
46945
47047
47246
47279
47329
47366
47476
47504
47530
47549
47619
47705
47757
48006
48038
48279
48361
48618
48946
48950
49067
49184
49333
49585
49625
49628
49845
49973
77
344
372
1083
1373
1552
1668
1726
1874
2741
2742
3326
3404
3657
4282
4954
5303
5442
5470
5659
5899
5923
5954
6068
6240
6577
6726
6973
6997
7340
7453
7622
8109
8503
8796
8862
9653
9683
9895
9922
10079
10221
10373
10554
10590
10763
10962
10988
11066
11151
11481
12203
12348
12487
12572
12914
13147
13221
13285
13470
13543
13936
14069
14297
14749
14797
14824
14929
14931
14988
15249
16034
16137
16479
16557
16737
16887
16910
17048
17285
17408
18200
18358
18393
18458
18608
18621
18738
18906
19064
19258
19313
19350
19353
19393
19560
19663
19926
20108
20171
20338
20471
20546
20855
20932
20953
20983
21486
21583
21648
21900
22016
22037
22633
22966
23211
23292
23426
23638
23678
23730
23910
24270
24625
24673
24940
25032
25189
25221
25560
25745
25798
25965
26016
26050
26131
26479
26735
26825
26962
27017
27059
27269
27312
28078
28347
28599
28820
28921
29017
29097
29276
29695
29779
29795
29807
29809
29824
29873
29890
29942
29964
30354
30478
30881
31230
31271
31496
31726
32025
32070
32139
32310
32378
32765
32798
32853
32975
33036
33056
33443
33510
34373
34451
34559
34620
34672
34924
34947
35004
35369
36101
36175
36266
36551
36560
36587
36740
36820
37053
37118
37589
38472
38782
38872
39256
39303
39545
39595
39670
39772
39913
40029
40164
40282
40505
40791
41187
41191
41192
41341
41603
41786
41846
42308
42484
42639
42773
43221
43229
43404
43666
43773
44179
44429
44470
44760
44936
45065
45095
45174
45290
45540
45572
45896
46336
46668
47673
47742
47893
47984
48200
48535
48695
48766
48927
49523
49658
49724
49791
49860
38
41
166
200
201
480
562
757
809
939
1082
1574
1599
1662
1722
2268
2499
2501
2805
3400
3661
3941
4267
5086
5158
5674
6143
6830
6831
6852
6937
6974
7019
7045
7687
8077
8288
8294
8438
8458
8623
9336
9787
9790
9859
10085
10270
10527
10878
11681
11875
12370
12890
13335
13557
13582
13619
13738
13891
13920
14191
14227
14286
14908
15218
15289
15380
15484
15623
15676
15933
16075
16118
16684
16863
16878
16999
17347
17677
18266
18522
18575
18656
19006
19710
19773
20392
20513
20563
21686
22222
22441
22526
22532
22834
22861
22979
23044
23430
23480
23669
23691
23727
23728
23983
24157
24547
24665
24920
24974
25048
25206
25439
25450
25472
25496
25665
25771
25772
26029
26218
26645
26745
26871
26944
26970
27026
27039
27149
27288
27302
27565
27615
27623
27812
28275
28276
28348
28490
28717
29168
29415
29553
30008
30072
30337
30393
30628
31149
31270
31292
31312
31416
31679
31873
31927
32393
33126
33410
34038
34361
34670
34787
35119
35176
35382
35423
35511
35788
36015
36250
36496
36612
36639
36694
36756
36944
37016
37666
37698
37707
37767
38005
38212
38623
39607
40094
40254
40887
41331
41860
42953
43225
43398
43464
43525
43633
43798
44296
44384
44562
44773
45305
45721
45930
46211
46247
46397
46569
46881
46922
47242
47756
47964
48015
48318
48351
49936
217
1141
1146
1368
1748
2120
2143
2282
2384
2517
2592
2735
2865
3118
3723
3927
3949
4001
4037
4130
4455
4639
4763
4788
4789
4990
5011
5320
5478
5654
5667
5672
6409
6560
6933
6952
7024
7553
8212
8367
8369
8587
8906
8945
9194
9212
9505
9566
9573
9581
9724
9742
10126
10156
10167
10242
10304
10332
10363
10452
10784
10976
11184
11218
11280
11309
11551
12033
12184
12303
12327
12346
12840
13106
13127
13303
13539
13658
13696
13757
13797
13842
14146
14441
14917
15068
15138
15336
15386
15467
15489
15564
15580
15661
16104
16310
16610
16616
16994
17171
17260
17294
17397
17554
17588
17705
17802
18057
18286
18851
19276
19371
19654
19888
20106
20319
20470
20616
20709
21097
21103
21157
21237
21415
21447
21654
21928
22337
23012
23171
23536
24093
24160
24407
24440
24953
24973
24994
25129
25604
25727
25950
26089
26109
26311
26531
26592
26751
27022
27609
27782
27817
27877
27908
28084
28216
28433
29237
29297
29352
29368
29476
30098
30197
30213
30587
30787
30869
31252
31308
31548
31577
31727
32101
32246
32295
32368
32440
32481
32489
32816
32952
33037
33292
33295
33330
33560
33671
33683
33753
33760
33771
33817
33859
33925
34145
34707
34959
35579
35822
36300
36306
36504
36544
37310
37393
37604
37834
37854
37876
38076
38349
38375
38443
38598
39677
39691
39759
39779
39829
39861
40052
40116
40605
40658
40670
40699
40904
41060
41118
41679
42370
42540
42556
43010
43154
43347
43738
43748
43810
43915
44127
44207
44247
44464
44742
44759
45248
45318
45514
45642
45832
45839
45894
45928
46072
46452
46706
46711
47470
47534
47663
47780
48144
48502
48652
49027
49293
49324
49887
49989
7
449
589
799
1298
1439
2067
2834
2963
3019
3062
4155
5035
5145
5405
5697
5799
5965
5978
6008
6214
6293
6294
6650
7229
7263
7655
7706
7837
8147
8270
8454
8578
8620
8832
9585
9606
9706
9815
9881
10400
10505
11063
11161
11178
11181
11198
11402
11420
11473
12134
12158
12226
12279
12550
12660
12703
12743
13382
13384
13551
13571
13849
14378
14561
14657
14868
14891
15461
15713
15738
15763
16046
16534
16810
16946
17273
17413
17597
18251
18253
18299
18460
18792
18862
19511
19695
20038
20055
20072
20098
20802
21034
21131
21216
21289
21430
21772
21979
22530
22536
22669
22904
23122
23136
23717
23738
23862
24047
24263
24351
24466
24684
24690
24766
24865
25045
25090
25230
25434
25600
25632
25639
25777
26105
26439
26546
26615
26974
27029
27133
27338
27678
27726
27749
27931
27940
28097
28405
28535
28575
28689
28863
29152
29240
29475
29524
29700
29723
29781
29949
29951
30218
30486
30552
30626
31065
31112
31467
31477
31503
31509
31514
31546
31614
31806
31906
31913
32761
32802
33269
33356
33458
33717
33722
33816
34021
34315
34334
34814
34930
34965
35022
35266
35322
35749
36110
36483
36494
36523
36642
36853
36977
36979
37020
37363
37451
37625
37986
38473
38577
38624
38693
38841
38930
39041
39112
39140
40007
40064
40095
40527
40626
40768
40819
40923
41138
41169
41638
41964
42078
42366
42564
42588
42599
42683
42780
42783
42844
42983
43085
43187
43346
43781
43908
44219
44383
44407
44411
44725
44786
45101
45542
45549
45690
46678
46784
46853
47036
47103
47118
47143
48018
48166
48266
48409
49341
49495
49636
49785
49896
94
100
260
303
433
542
1007
1053
1117
1354
1728
1745
1813
2107
2388
2537
2588
2695
2770
2986
3037
3138
3406
3796
4116
4150
4171
4388
4601
4603
4640
5299
5527
6690
6813
6941
6970
7358
7459
7807
8062
8169
8347
8541
8551
8642
8710
9021
9266
9674
9858
9882
10022
10065
10204
10269
10466
10683
10770
11674
11792
12447
13453
13474
13768
14053
14342
14470
14843
14945
15230
15397
15960
16053
16198
16676
16679
16953
16962
17302
17562
17571
17875
17901
18007
18368
18414
19342
19843
19942
20746
20823
20972
21005
21203
21209
21315
21442
21575
21578
22077
22146
22341
22360
22588
23102
23189
23251
23347
23447
23620
23914
23918
24089
24092
24602
24637
24746
24802
24910
24989
25017
25302
25308
25820
25951
26475
26785
27189
27217
27397
27735
27901
28063
28447
28450
29076
29564
30713
30927
31390
31459
31508
31572
31649
31739
31774
31884
32083
32208
32221
32289
32414
33714
33997
34345
34438
34599
34651
34676
34888
35114
35172
35187
35652
35693
35709
35794
36131
36301
36351
36968
37013
37750
37861
38107
38339
38533
39812
40602
40627
40935
41004
41289
41610
41870
41887
41901
42025
42071
42416
42551
42611
42650
42777
42845
42860
43046
43424
43451
43882
44081
44119
44319
44353
44844
44906
44987
45152
45246
45695
46567
46888
46925
46954
47000
47199
47256
47289
47298
47358
48053
48088
48164
48412
48517
48552
49480
49566
49767
117
329
785
934
1355
1451
1639
1774
1923
2453
2562
3357
3524
3570
3658
3859
4021
4073
4220
4734
4824
4831
4959
5042
5272
5738
5764
5818
5946
6725
6896
6912
6981
6994
7125
7154
7532
8047
8463
8509
8900
9047
9153
9179
9394
9499
9520
9582
9860
10526
10781
10793
11142
11222
11474
11558
11633
11815
11826
11845
12070
12476
12479
12523
12540
12541
12546
12756
12774
12798
12806
13134
13170
13300
13432
13635
13800
14305
14677
15112
15146
15164
15718
16138
16178
16387
16473
16732
17017
17208
17634
17805
17821
18213
18254
18324
18349
18432
18778
18818
19022
19179
19617
19786
19880
19946
20167
20220
20842
20957
21013
21137
21226
22331
22340
22396
22606
23245
23725
23923
24129
24152
24167
24269
24409
24561
24759
24816
24996
25395
25595
25651
25881
26223
26339
26761
26896
27024
27044
27054
27175
27289
27345
27421
27911
27925
28077
28103
28248
28295
28351
28395
28743
28775
28776
28794
29499
29578
29625
29763
29908
30152
30425
30560
30631
30984
31268
31333
31940
32389
32472
32548
32836
32990
32991
33034
33052
33173
33213
33256
33298
33348
33353
33525
33661
33775
33861
34095
34097
34485
34721
35036
35352
35418
35426
35570
35768
35777
35934
36006
36445
36854
36929
37105
37131
37427
37491
38017
38357
39039
39077
39457
39860
39962
40598
40778
41065
41230
41315
41325
41749
42045
42949
42964
43196
43413
43834
44118
44120
44155
44360
45156
45504
45651
45704
45866
45938
46331
46384
46536
46889
47267
47537
48334
48408
48415
48458
48629
48755
151
399
487
507
563
1230
1514
1795
1850
1908
2539
2946
3520
5031
5206
5268
5399
5632
5854
6104
6284
6347
6626
6706
7094
7144
7218
7309
7428
7490
7560
7784
7997
8117
8263
8379
8707
8769
9233
9316
9474
9968
10028
10049
10084
10102
10188
11547
11736
12031
12320
12653
12770
12814
13132
13189
13228
13247
13310
13483
13524
13583
13681
13859
14584
14627
14727
14746
14819
15281
15314
15509
15660
16098
16564
16851
17220
17392
17398
17418
17546
17882
17982
18265
18409
18493
18497
18574
18870
19145
19178
19219
19433
19595
19683
20435
20970
21023
21194
21344
21372
21474
21525
21856
22013
22055
22265
23289
23353
23858
23920
24058
24478
24679
24790
25113
25984
26033
26177
26581
26601
26815
27184
27203
27256
27378
27637
27661
27663
27829
27883
28262
28873
28994
29127
29180
29864
30250
30389
30523
30778
30813
31328
31592
31621
31831
31988
32056
32081
32319
32429
32436
32814
32908
32951
33005
33377
33474
33598
34141
34313
34319
34416
34422
34474
34701
35175
35582
35590
35620
35621
35869
35951
36047
36681
36908
37170
37297
37562
37578
37810
37813
37826
37980
38461
38526
38762
39275
39342
39391
39555
39656
40207
40330
40468
40499
41224
41310
41359
41961
42033
42128
42143
42625
42834
43041
43334
43411
43684
43700
43725
44159
44169
44294
44983
45296
45804
45878
45996
46122
46172
46217
46735
46904
47433
47533
47541
47700
47795
47922
47933
47970
48094
48354
48400
48444
48657
48705
49073
49192
49211
49709
49781
49839
49958
49964
319
370
601
706
783
898
919
1091
1280
1583
1611
1790
2560
2579
2654
2747
3297
3394
3405
5052
5441
6717
6929
7197
7312
7326
7372
7378
7482
7558
7700
7712
7825
8038
8131
8323
8505
8916
9206
9384
9541
9660
10305
10406
10493
10852
10921
10994
11286
11345
11382
11577
12419
12654
12952
12964
12979
13014
13065
13199
13215
13410
13433
13489
13519
13599
13761
13807
13888
14067
14197
15200
15206
15547
15724
15843
16476
16614
17235
17264
17448
17591
17753
17822
18139
18468
18620
18648
18736
18760
18853
18925
19256
19332
19505
19625
19636
19691
19739
19896
20058
20727
21798
21902
22189
22346
22413
22865
23001
23281
24238
24425
24645
24683
24738
25015
25224
25692
25870
26011
26187
26242
26284
26606
27329
27392
27616
27794
27941
28356
29432
29439
29593
29664
29907
29941
30044
30189
30210
30228
30238
30259
30596
30608
30810
30849
30850
31122
31320
31736
32102
32561
32690
32719
32794
33186
33459
33700
33793
33875
33900
34048
34221
34604
34937
35054
36285
36362
36470
36585
36637
36648
36688
36725
37212
37657
38188
38470
38928
39286
39715
39756
39849
39989
40136
40264
40347
40606
40607
40691
40729
40754
40864
40895
41895
41963
42495
43071
43093
43278
43393
43484
43574
43653
43692
43940
44139
44973
45135
45460
45557
45565
45730
45750
45775
46300
46479
46485
46525
46555
46910
47494
48074
48589
48668
48740
49224
49260
49646
620
1988
4999
6142
7798
8166
8641
9228
10301
10598
14269
14542
15185
15578
16184
18793
20187
21269
22699
23653
23853
24035
24096
25744
26103
28065
31775
31911
32942
33206
33864
35543
36629
37305
38117
38927
39422
40490
41052
41082
43224
43812
44228
46026
46156
46840
47790
47793
48042
48228
48414
48828
49313
554
560
770
802
899
1185
1510
1918
2028
2094
2112
2188
2301
2420
2896
2919
2927
3148
3151
3466
3510
3553
4095
4108
4175
4196
4517
4665
4909
5443
5509
5545
5653
5788
5935
6082
6263
6703
6834
7369
7391
7583
7776
7862
8733
8840
9380
9551
9608
9942
9991
10182
10219
10497
10587
10618
10666
10730
10860
10896
11037
11040
11117
11343
11445
11451
11557
11692
11824
11963
12021
12092
12093
12504
12970
13045
13420
14391
14484
14599
14696
14806
14874
14898
15007
15122
15128
15627
15710
16092
16186
16224
16339
16357
16409
16635
17270
17275
17480
17514
17663
17760
18020
18381
18480
18559
18927
19293
19309
19477
19492
20061
20158
20186
20255
20383
20504
20521
20622
20863
20883
20890
21100
21540
21581
21611
21656
21708
21827
22031
22988
23118
23205
23420
23496
23588
23874
24078
24124
24330
24453
24650
24747
24853
24863
25612
26329
26575
26763
27162
27341
27376
27937
28073
28947
29066
29218
29856
29984
30118
30183
30861
30876
30899
30943
31165
31684
31838
32074
32159
32245
32826
32827
32861
33092
33122
33255
33289
33644
33680
33915
33930
33976
34406
34693
34770
35370
35586
36063
36207
36649
36724
36736
37300
37530
37545
37681
37756
37907
38140
38306
38353
38605
38965
38970
39423
39549
39822
39944
40228
40813
40940
41147
41176
41505
41984
42039
42339
42503
42699
43090
43506
43516
43750
43806
43849
43877
44364
44560
44612
45446
45494
45563
45713
45715
45747
45758
45814
45834
46100
46456
46680
46854
46942
47168
47203
47225
47741
47784
47949
48155
48558
48671
48793
48904
48972
49093
49257
49478
49524
49700
49930
25
46
139
244
698
795
930
985
1096
1102
1165
1202
1288
1457
1619
1624
1694
1768
1836
1972
2298
2368
2514
2887
3078
3144
3399
3589
3828
3943
4141
4326
4408
4528
4569
4681
4896
4919
4955
5357
5417
5523
5652
5662
5860
6058
6362
6377
6483
6541
6598
6760
6869
7128
7178
7239
7354
7392
7405
7596
8069
8295
8868
9769
9920
10198
10328
10441
10724
10778
11176
11396
11873
12078
13112
13450
14009
14075
14145
14321
14366
14559
14589
15113
15648
15967
16001
16217
16445
16481
16974
17038
17197
17331
17407
17879
18029
18143
18161
18162
18294
18450
18790
18983
19559
19855
19898
20456
20497
20905
20948
20950
21284
21328
21451
21705
21949
22271
22595
22728
22847
22896
22946
23370
23591
23909
24400
24457
25063
25142
25209
25285
25377
25424
25512
26700
26922
26937
27077
27271
27280
27483
27644
27769
28086
28221
28388
28441
28680
28919
29045
29163
29256
29709
29718
29839
29905
30121
30199
30277
30665
31137
31600
31733
31852
31969
31998
32047
32357
32453
32494
32598
33002
33156
33332
33355
33624
33768
33856
34109
34592
34659
35051
35260
35776
35838
35841
36014
36070
36134
36290
36305
36438
36545
37381
37395
37650
37691
37751
37993
38833
38871
38948
38952
39134
39417
39463
39467
39495
40142
40281
40552
40556
40575
40619
40842
40951
41014
41023
41079
41144
41171
41198
41336
41459
41648
41743
42041
42226
42269
42279
42380
42428
42523
42594
42601
42631
42667
42723
42926
43027
43100
43320
43412
43955
44026
44057
44521
44676
44874
44877
45202
45276
45802
45862
46159
46225
46396
46767
46776
46810
46878
46903
47019
47394
47510
47808
47889
47987
48141
48204
48276
48395
48471
48720
48829
48979
49803
81
143
246
459
1175
1511
1559
1606
1664
1785
1945
2177
2316
2557
2814
2916
3087
3334
3437
3916
3959
3976
4227
4714
4740
4773
4793
4871
5033
5063
5083
5402
5488
5725
5902
5987
5999
6127
6480
6683
6951
7013
7016
7085
7212
7267
7570
7717
8057
8474
8543
8719
8969
9011
9013
9174
9335
9839
9916
10093
10286
10602
11070
11217
11457
11554
11555
12036
12264
12267
12636
12961
12971
13279
13508
13521
14010
14329
14560
14845
14934
14985
15187
15254
15259
15299
15653
15776
16196
16572
16846
17111
17128
17361
17590
17728
17754
18226
18525
18598
18971
19016
19334
19604
19749
20162
20323
20387
20502
20538
20801
20813
20868
21439
21693
21758
21936
21942
22092
22255
22301
22624
22823
22831
22934
23286
23513
23722
23840
23963
24476
24624
24703
25373
25489
25758
25832
26055
26086
26216
26377
26634
26771
26907
27093
27116
27153
27277
27380
27441
27629
27768
27891
28174
28345
28426
28607
28686
28835
28924
28988
29393
29520
29603
30103
30518
30572
30698
30783
30801
30950
31006
31074
31294
31370
31410
31595
32199
32279
32486
32510
32585
32633
32705
32751
33201
33212
33363
33400
33514
33956
33994
34100
34114
35015
36689
36728
36852
37005
37139
37483
37548
37601
37823
37988
38291
38302
38534
38807
38888
38969
39156
39282
39488
39628
39892
40027
40079
40108
40147
40171
41384
41523
41655
41751
41767
42353
42372
42534
42600
42831
43630
43857
44469
44705
44769
44804
44848
45008
45049
45376
45764
45950
46191
46908
47271
47483
47799
47953
48253
48421
48631
48640
49140
49291
324
617
631
715
742
769
786
792
820
1000
1124
1343
1394
1615
1809
1925
2645
2672
2752
2764
2984
3111
3361
3498
3593
3755
3858
4322
4798
5163
5279
5496
5830
5858
6450
6805
7409
7646
7823
7847
7957
8173
8650
8683
8912
9447
9697
9751
9874
10646
10735
11012
11374
11743
11884
12030
12185
12406
12963
12980
13009
13276
13458
13479
13518
13641
13716
13827
13877
14204
14219
14483
14519
14587
14634
15062
15222
15327
15473
15511
15551
15642
15733
15984
16563
16672
17185
17352
17377
17585
18132
18311
18338
18684
18777
18999
19690
19696
19834
19963
20416
20716
20942
20989
21283
21545
21591
21624
21755
22070
22225
22298
22593
23014
23371
23423
23616
23996
24145
24241
24345
24582
24701
24709
24769
24846
25259
25418
26044
26078
26155
26272
26288
26341
26435
26533
26729
26755
26792
26945
27078
27092
27367
27679
27898
27948
28185
28317
28358
28491
28495
28615
28757
28806
29020
29046
29145
29353
29901
30154
30235
30350
30615
30679
30727
30866
31297
31407
31877
31981
32001
32041
32248
32282
32729
33041
33257
33304
33533
33546
33585
33936
33947
34143
34236
34252
34524
34794
34809
34810
34871
34887
35072
35108
35144
35253
35270
35368
35739
35793
35819
36264
36381
36759
36787
37365
37523
37566
37668
37723
38033
38109
38184
38655
38690
39119
39478
39523
39583
39765
39906
39930
40087
40310
40580
40597
40824
41200
41777
41810
41872
42084
42181
42627
42645
42772
42963
43057
43189
43202
43499
43616
43906
43938
44044
44047
44152
44213
44409
44594
44771
44830
44998
45137
45447
45532
45546
45691
46020
46202
46284
46287
46564
46766
47101
47297
47313
47368
47428
47568
47683
47828
48333
48386
48423
48480
48805
48820
49078
49130
49734
49777
49941
410
651
765
973
1486
1616
1773
2090
2178
2260
2402
2407
2813
2928
3242
3689
3768
3854
4114
4977
5079
5157
5380
5400
5506
5609
5723
5768
6006
6338
6595
6640
6848
6972
7215
7232
7349
7507
8031
8215
8258
8504
8680
8709
8750
8783
9347
9915
9933
10433
10756
10949
11210
11413
12048
12090
12332
12354
12561
13036
13130
13457
13809
13981
14238
14641
14904
15392
15604
15636
15932
16602
16947
17112
17340
17672
17698
18114
18645
18702
18829
18933
19041
19235
19478
19784
20356
20541
20753
21374
21819
21836
22028
22106
22167
22534
22803
22879
22972
22973
23362
23460
23705
23817
23964
24661
24735
25219
25526
25680
25978
26282
26373
27323
27342
27873
28269
28271
28296
28377
28635
28677
29059
29346
29360
29473
30346
30399
30822
31123
31450
31538
31630
32934
33286
33517
33611
33702
33754
33852
34264
34365
34366
34684
34854
34873
34962
34967
34980
35383
35516
35840
36065
36069
36286
36507
36595
36691
36775
37501
37704
37712
37730
37786
37904
38031
38038
38163
38267
38279
38394
38625
38647
38691
38780
39181
39221
39694
39732
39950
39969
40053
40315
41022
41156
41302
41357
41578
41716
41997
42228
42345
42787
42833
43028
43201
43222
43235
43243
43573
43710
43780
43860
44059
44102
44272
44720
44753
44935
45027
45304
45401
45644
45851
45959
46025
46632
46639
46698
46874
46912
47458
47714
47815
48026
48410
48487
48772
48949
49268
49453
49939
167
592
689
720
1409
1424
1474
1704
1718
1903
2115
2277
2523
2694
3002
3412
3470
3556
3666
3829
4077
4747
4812
4877
4890
5129
5171
5366
5499
5531
5951
6167
6228
6329
6828
7053
7101
7217
7333
7387
8006
8450
8765
8890
9304
9432
9450
9558
9663
9670
9938
10261
10858
10911
11000
11051
11347
11663
11850
12074
12176
12229
12533
12696
12817
13118
13140
13217
13843
13846
13948
14336
14384
14582
14700
14742
16081
16294
16333
16816
17318
17502
17701
18361
18618
18711
18746
19553
19655
19844
20033
20163
20197
20551
20588
20612
20624
20654
20779
21065
21191
21295
21536
22115
22424
22849
23180
23544
23919
24118
24260
24498
24505
24682
25362
26370
26491
26495
26593
26888
26973
27011
27108
27140
27239
27297
27478
27712
27896
27910
27949
28090
28231
29014
29056
29235
29676
29889
29961
30167
30184
30260
30452
30540
30919
30994
31156
31793
32063
32142
32397
32743
32756
32925
33017
33329
33392
33488
33709
33786
34257
34296
34392
34617
35183
35482
35605
36312
36429
36468
36794
36837
36939
36962
37320
37338
37349
37621
37884
37990
38178
38626
38761
38778
38845
38940
39000
39018
39036
39297
40083
40129
40175
40370
40829
40863
40888
41538
42476
42855
42901
43174
43309
43434
43450
43479
43600
43874
43961
44030
44140
44606
45283
45327
45348
45649
45677
45805
45810
45891
46013
46016
46051
46115
46150
46222
46288
46505
46647
46936
46994
47410
47803
48146
49340
49406
49519
49740
49829
49996
132
304
464
585
999
1089
1223
1289
1447
1467
1477
1571
1585
1969
2157
2317
2325
2496
2563
2648
2714
2754
3008
3085
3233
3245
3683
3924
4159
4286
4454
4937
5213
5300
5835
5880
6563
6632
7002
7549
7733
7840
8386
8593
8635
8822
9117
9333
9568
9709
9866
9936
9956
10044
10339
10379
10440
10719
10879
11106
11247
11355
11762
11802
12198
12441
12477
12530
12534
12618
12622
12860
13207
13381
13407
13791
14044
14160
14544
15020
15052
15512
15610
15625
16427
16449
16529
16682
16841
16970
17674
18233
18350
18725
19147
19333
19737
19907
20169
20282
20417
20433
20729
21006
21081
21618
21753
22045
22072
22125
22303
22667
22825
22920
23576
23580
23607
23608
23619
23706
23813
24011
24291
24434
25299
25305
25404
25452
25927
25932
26112
26296
26389
27031
27222
27349
27420
27566
27685
27689
28657
28842
28889
28976
29568
29619
29777
29996
30075
30315
31623
32110
32257
32267
32525
32643
32899
33058
33090
33132
33276
33291
33381
33470
33631
34430
34460
34690
34993
35037
35288
35587
35744
36223
36275
36353
36400
36493
37165
37283
37390
37630
37825
38175
38270
38325
38444
38612
38670
38868
39380
39388
39679
39725
39767
40088
40145
40170
40270
40382
40742
40764
40961
41536
41723
41791
42018
42250
42341
42376
42807
42915
43541
43570
43711
43971
44010
44233
44449
44599
44603
44634
45051
45072
45077
45178
45191
45239
45326
45778
45823
46206
46238
46240
46373
46696
46777
46803
47148
47294
47583
47837
48143
48302
48341
48382
48419
48754
48786
48851
49390
49451
49616
49635
49821
49962
1555
1653
2536
4243
4439
4486
6190
6417
8051
8730
8902
11483
11618
12269
13052
13139
14109
17972
18367
19364
22007
22026
23855
24100
24676
25785
27146
27328
27356
31966
32668
32723
32843
32913
33279
34152
34197
34271
34750
39076
39266
40694
42209
43162
43389
43699
45066
46348
46931
47405
48239
49687
437
867
968
1434
1475
1548
2030
2189
2269
2480
2759
2820
2911
2953
3036
3634
3721
3778
3891
3935
4020
4115
4228
4342
4412
4447
4481
4556
4616
4783
5029
5139
5487
5686
5695
5713
5715
5888
6176
6250
6561
7005
7318
7407
7442
7926
8221
8651
8821
8978
9774
10009
10118
10186
10224
10416
10436
10577
10694
10757
10940
11049
11732
12042
12075
12120
12259
12355
12356
12394
12422
12625
12839
12967
13358
13383
13386
13781
13796
13831
13974
14189
14344
14461
14568
14672
15312
15587
15684
17053
17182
17525
17665
18587
18762
19154
19379
19447
19920
20017
20031
20172
20228
20303
21293
21320
21639
21858
22061
22116
22127
22170
22261
22513
22628
22793
22944
23052
23545
23981
24097
24168
24192
24444
24631
24674
24705
25064
25350
25454
25545
25742
26118
26224
26507
26544
26632
26649
26847
27344
27727
28005
28412
28474
28567
28805
28840
28906
29090
29249
29386
29469
29548
29629
29721
30165
30304
30374
30443
30519
30946
31008
31182
31231
31354
31440
31483
31593
31619
31869
31903
32479
32586
32772
33069
33305
33607
33699
33766
33777
34224
34347
34435
34546
34551
34917
34986
35046
35048
35181
35252
35677
35798
35995
36039
36078
36158
36371
36971
37525
37976
38180
38737
38847
38911
39021
39184
39238
39750
39845
39996
40081
40421
40434
41136
41182
41421
41444
42035
42085
42270
42491
42532
42604
42961
42998
43016
43038
43044
43116
43286
43564
43716
43994
44054
44063
44087
44200
44275
44795
44969
45212
45221
45252
45310
45328
45803
45929
45953
45974
45975
46118
46267
46394
46474
46600
46609
47068
47301
47637
47975
48060
48165
48309
48588
48643
48769
48858
49030
49181
49248
49327
49439
49528
49626
37
66
436
598
624
1329
1371
1487
1524
1569
1741
2640
2688
2769
3310
3338
3535
3917
4270
4461
4516
4935
4991
5045
5266
5288
5336
5474
5560
5701
5732
5827
5893
5907
5914
6271
6549
6652
7350
7856
8224
8285
8415
8501
8512
9007
9107
9378
9425
10071
10095
10777
10827
11185
11237
11285
11429
11504
11552
11592
11796
11937
12116
12250
12455
12736
13049
13270
13418
13558
13563
13592
13932
14045
14507
14768
14776
14992
15353
15438
15701
15904
16225
16245
16430
16954
17086
17687
17841
18047
18107
18130
18549
19289
19320
19346
19423
19440
19466
19484
20601
20699
21049
21312
21364
21842
21985
22196
22276
22922
22958
23416
23687
24010
24213
24501
24583
25140
25192
25449
25492
25541
25840
25862
25866
25869
26263
26321
26550
26587
26787
26981
27332
27372
27449
27605
27671
27935
28529
28721
28828
28911
29160
29354
29385
29403
29479
29661
29739
29773
29829
30693
30924
31094
31257
31296
31532
31617
31711
31738
31749
31921
32170
32265
32432
32507
33091
33219
33241
33446
33464
33497
33665
33711
33743
33849
34047
34532
34981
34995
35029
35505
35933
36032
36147
36710
37366
37412
37759
37844
37845
38213
38266
38327
38354
38595
38614
38674
38905
39174
39538
39559
39895
40090
40353
40962
41177
41789
42126
42210
42222
42578
43011
43029
43077
43098
43462
43536
43731
43766
43840
43892
44091
44097
44261
44351
44508
44637
44860
45045
45073
45297
45400
45439
45470
45512
45619
45702
46481
46738
46835
46961
47020
47412
47417
47465
47478
47708
47846
47856
48070
48254
48367
48504
48510
48596
48938
49351
49377
49553
49891
187
927
1074
1168
1209
1544
1595
1686
1879
2249
2398
2628
2806
3061
3287
3327
3557
3846
3939
3964
3978
4410
4542
5153
5418
5559
5831
5850
5900
5969
6447
6488
6673
6823
6855
6873
7172
7393
7446
7752
7920
7932
8218
8328
8663
8677
8781
8782
8808
9201
9288
9594
9845
9848
10884
10960
11097
11230
11494
11744
11950
11977
12056
12173
12242
12409
12582
12704
12820
13541
13694
13775
13808
14175
14221
14256
14313
14418
14459
14520
14829
15022
15285
15475
15871
15983
16025
16038
16369
16421
16502
16555
16730
16787
16855
16938
17125
17183
17287
18449
18580
18631
19305
19400
19535
19885
20807
20914
21299
21667
21835
21983
22036
22159
22991
23339
23403
23677
23786
24274
24584
24739
24860
25041
25055
25116
25151
25514
25741
25787
25890
25923
26125
26128
26248
26422
26613
26933
27053
27491
27584
27952
28068
28198
28598
28778
29186
29378
30122
30234
30252
30870
31031
31439
31809
32036
32298
32426
32450
32718
32787
32804
32842
33258
33391
33601
33959
34275
34421
34525
34544
34642
34749
35643
36218
36252
36279
36798
37068
37226
37316
37418
37487
37508
37632
38611
39087
39267
39823
40474
40680
41016
41531
42206
42291
42426
42586
42622
42642
42656
42728
42930
43167
43310
43409
43517
43655
43997
44071
44090
44153
44340
44415
44764
44767
44790
45286
45441
46407
46554
46886
46894
46909
46951
47120
47363
47754
47797
47921
48305
48566
48642
48771
48870
48878
48952
49072
49111
49126
49550
781
1673
2678
3549
3873
5256
5439
7074
8984
10311
11509
11616
11772
15365
15970
16076
17573
17772
18780
19222
19448
19506
20034
21871
21923
22670
23169
24363
24776
25700
26068
26759
27124
29758
30661
31186
33065
33322
34875
35184
37597
37689
38209
40515
43012
44195
45050
45060
45696
46730
47477
48442
48835
49831
2
118
360
386
1090
1164
1460
1646
1730
2302
2332
2457
2697
3229
3441
3479
3765
3855
4694
4887
5014
5061
5108
5345
5367
6076
6121
6133
6257
6446
6570
6606
6638
7299
7632
7910
8691
9063
9220
9254
9295
9353
9457
9527
9600
9713
9898
9946
10033
10353
11260
11348
11395
11511
12157
12453
12630
12853
12978
13071
13174
13266
13554
13736
13759
13785
13940
14927
15163
15215
15265
15780
15994
16091
16147
16153
16197
16382
16780
16806
16991
17186
17189
17364
18169
18189
18326
18425
18797
18814
19080
19212
19571
19603
19801
20029
20118
20286
20873
21014
21030
21429
21919
21967
21978
22073
22283
22347
23033
23042
23202
23891
23900
23924
24027
24148
24742
24793
24835
25004
25161
25167
25363
25390
25584
25621
25755
26000
26285
26383
26463
26511
26730
26832
27052
28043
28070
28340
28558
29179
29347
29525
29552
29574
30205
30270
30544
31314
31347
31397
31659
31842
31893
31953
32304
32364
32384
32920
32985
33243
33245
33506
33684
35769
36017
36265
36475
36549
37172
37394
37503
37568
37718
38075
38151
38236
38735
39085
39124
39196
39217
39415
39638
39741
39748
39882
40049
40239
40775
41085
41271
41931
42140
43155
43569
43612
43723
43735
43790
44076
44631
44934
45021
45208
45231
45236
45325
45333
45364
45602
45933
46413
46906
46941
46953
47054
47081
47730
47896
47996
48111
48533
48957
49076
49198
49263
49332
49591
49874
49905
741
1847
2321
2391
3988
4886
5870
7001
7107
7189
9368
9563
10956
13110
13138
13264
13477
13675
13783
14320
15142
16472
20242
20976
21658
21751
21774
22078
22166
22484
22577
23376
25012
27182
27889
28513
29558
30877
30990
31251
31480
31764
32572
34674
34858
35502
36383
36841
37493
38430
41386
42287
42742
42766
43359
44092
44329
44332
44466
45046
45906
45925
47319
49417
49664
3320
4785
4794
6482
7132
8455
9891
10663
11916
13722
14017
14751
17642
18810
20578
20725
20749
21134
23161
25201
27517
27852
28179
28804
31324
31471
31936
32443
32546
33147
33667
34184
36243
37905
38133
38672
40299
40309
41365
42086
43317
43319
44434
45232
45423
46105
47609
49419
1234
1744
1764
2023
2156
2945
3487
4013
4670
5219
5689
6825
9902
10254
11334
14085
15772
15926
16005
16729
17365
18173
18217
19018
19023
19688
19826
20269
20408
20544
21369
21634
21909
23105
23132
23188
24296
24770
24911
25582
25807
27569
28696
28711
29373
29881
30998
31077
31188
31956
32866
32924
33951
35484
36332
36627
38455
39896
40183
40359
40763
40816
41360
41586
42510
43984
44816
45265
48343
48374
48623
49154
49380
90
92
832
983
1204
1285
1466
2024
2071
2677
3067
3560
4271
4468
4854
5097
5460
7435
7850
7984
8161
8281
8738
9169
9883
10745
10953
11825
12632
13650
13922
14385
14412
14646
15154
15352
15606
16459
16489
16496
16651
17050
17702
17936
18834
18874
19769
20363
20364
20390
20853
20874
21395
21434
22319
22611
22784
23875
24060
24183
24187
24630
25301
25520
26173
26363
26425
26442
26720
26904
27382
27837
27899
28047
28213
28319
28483
28824
28901
28963
29577
29872
30040
30177
30507
32400
32795
33033
33051
33736
33938
34053
34161
34370
35221
35467
35534
35566
35658
36754
36839
37447
38942
39228
39373
39416
39898
41042
41240
41528
41651
41674
44150
44215
44337
44661
45096
45226
45306
45658
46580
47070
47667
47765
47962
48669
49199
49572
49911
130
549
1139
1316
1618
2482
2596
2651
2940
3274
4231
4638
4921
5296
5859
6988
7069
7073
7748
7863
9175
12131
12507
13182
13328
13640
14151
15224
15322
15870
17145
17224
17357
17517
17730
18550
18566
18667
19208
20293
22057
22685
22733
22894
23111
23673
24032
24827
25747
25956
26269
26456
26714
26955
27226
27707
28212
28325
28626
29044
29146
29199
29329
29762
29896
30080
30367
30476
30962
31274
32263
34407
35283
35515
36004
36099
36242
36479
36508
36783
37322
38122
38142
38174
38192
38468
38579
38651
38933
38941
39554
39828
40285
40326
40393
40495
40734
41335
41510
41516
41636
41738
42415
42637
43282
43527
43797
44490
44615
45085
45183
45284
46518
46750
46804
47958
48048
48079
48632
49152
21
1521
1547
1692
1778
2394
2529
2733
3670
3875
4419
4444
4605
4732
4782
4842
5940
6219
8041
8297
8342
8662
9200
9294
9550
10442
10504
10889
11391
11400
11409
11714
12338
12340
12535
13000
13576
13720
14275
14406
14695
14697
14794
15418
15444
15520
16209
16689
17750
18248
18408
18439
18679
18926
19463
19828
20114
21212
21728
21867
22074
22169
22173
22688
23524
23795
25453
25620
26549
26879
27094
27497
28953
29075
29100
29450
30522
32141
32706
33121
33841
33887
33993
34052
34501
34624
34739
34779
34860
34966
35654
35821
36590
36855
37099
37143
37569
37748
38197
39050
39364
39462
40255
40855
41111
41196
41210
41600
42396
42659
43219
43530
43685
43861
43907
44782
46849
47283
48207
48678
48896
48984
49309
45
1494
1929
2057
2890
3017
3652
3853
4880
4941
4985
5440
5706
6211
6881
7529
8209
8640
8643
8987
10418
10751
11296
13610
13707
13801
14593
14919
15689
15749
16744
17575
17610
17984
18069
18560
19078
19163
19217
19745
19895
20010
20756
21894
22008
22086
22308
23108
23168
24014
24204
28192
28594
28746
29472
29948
30089
30225
30621
30654
30740
31129
31389
31910
32218
32614
34404
34758
34831
35002
36150
36348
36625
36745
37077
37611
37997
38003
38902
38975
39446
39864
40874
40882
41438
41672
43006
43134
43271
44554
44736
45909
45987
46408
48345
48735
49320
49601
49622
49676
258
633
1205
2292
4389
4897
5291
5721
6418
6681
7598
8313
8327
8351
8920
9849
11367
11886
12210
13912
14494
14580
14999
15175
15272
15761
15918
16490
17152
17419
18415
19291
19795
19803
19914
19983
20166
20827
21922
22287
23435
23789
25445
25709
26106
27250
28690
29776
30246
30735
30757
31023
31408
31887
32114
32228
32622
32909
32935
33075
33248
33433
33521
33597
34127
35186
36289
36748
37001
37230
37240
37269
37295
37737
38521
38581
39104
39107
39565
39841
40294
40323
41061
41410
41433
41486
41563
42096
42408
42436
42746
42839
42910
43465
43626
43805
43807
43839
43932
44733
45080
45118
45350
46006
46658
46930
47281
47350
47937
48001
48653
48869
48945
355
446
814
1130
1276
1894
2200
2222
2580
3107
3540
3763
6734
7276
7588
7970
7986
8066
8475
8559
8571
8834
10585
11779
11788
12010
12082
12390
12404
12927
12990
13062
13076
14354
14428
15067
15127
15180
15908
16119
16393
16977
17055
17611
17681
18019
18383
18852
19510
19546
19569
20434
20688
20836
20901
21118
21460
23291
24112
24266
24438
24504
26190
26244
27033
27777
27992
28199
28316
28400
29042
29875
30149
31289
32226
32379
33519
33902
34561
34753
34951
35303
35592
36269
36364
37116
37978
38469
38483
38803
39876
40000
40566
40967
41865
42662
43273
43949
44098
44257
44428
45526
46692
46957
47261
47284
47322
47693
47715
48381
48524
48822
49325
182
1461
1462
1886
2053
2432
2515
2801
3324
3355
3502
3936
3947
4494
4599
4653
6392
6671
6741
6762
7719
7806
9318
9592
9644
9939
10248
10634
11258
11667
12246
12892
13520
13964
14515
14825
15036
15125
15507
15527
15791
16535
16856
17467
17864
18190
18395
18405
18687
19134
19366
19529
19763
19766
19998
20102
20181
20620
20663
20912
21362
21779
21870
23603
23921
24509
25044
25071
25519
26251
27034
27058
27336
27454
27660
28059
28189
28722
29253
30033
30762
30867
32886
33542
33884
33937
33987
34204
35023
35185
36773
37220
37337
37536
37541
38156
38379
38852
39301
39477
40226
40533
40836
41081
41440
42027
42051
42381
44388
45032
45457
46106
46199
46453
46645
46723
46761
47980
48058
48543
48667
48866
49142
49230
49995
490
629
1320
1520
2732
2967
3583
4434
5022
5182
5335
5601
6169
6287
7328
7524
8023
8156
8240
8592
8692
9041
9211
9738
11240
11387
11733
11988
12079
12096
12154
13704
13749
13868
14184
14277
14449
14524
14701
14912
14928
16065
16486
17840
17935
18661
19167
19249
19321
19452
20379
21074
21396
21616
23240
23625
24381
24455
25361
25710
26254
26412
26963
27598
27957
28136
28648
29000
29233
29474
30129
30696
31039
31484
31557
31584
32153
32171
32230
32667
33284
33738
34007
34185
34784
35140
35211
35306
35403
35618
36567
36974
37667
38049
38427
38529
38860
39052
39344
39450
39723
40130
40412
41264
41869
42108
42681
43131
44016
44182
44359
44784
45487
46254
47484
47522
47940
48014
48482
48613
48721
48827
49385
49559
49815
49876
1
198
962
1453
1504
1755
2395
2619
2743
3199
4237
4726
4811
5530
5613
6004
6089
6414
7288
7799
8089
8616
9369
9583
9649
10319
10432
11252
12192
13100
13224
13536
14756
14943
14986
15649
15813
17671
17791
18723
19457
19866
21054
21440
21601
22157
22223
22579
22732
23097
23581
23701
24246
24410
24791
25930
26778
28841
28943
29460
29985
30181
30640
30821
31276
31741
32126
32237
33015
33881
34692
35007
35376
35457
35504
35766
36057
36074
36975
37040
37446
37840
38315
38931
39004
39144
39508
39649
40413
40501
41323
41542
41625
42647
43110
43266
43407
43742
43896
44354
44888
45193
45238
45699
45773
45811
45885
46121
46379
46794
46933
47382
47952
48028
48090
48221
48278
48577
48627
48804
48944
48995
49000
49462
531
1292
1445
1557
1593
2136
2333
2343
2475
4024
4437
4533
4865
4930
5343
5557
6132
6222
6230
6265
6485
6534
6536
6704
6718
7573
7967
7974
8112
8678
8745
9512
10772
10991
11366
12132
12276
12323
12452
12509
13944
14518
14652
14693
14914
15029
15488
17071
17193
17692
18252
19069
19905
20056
20308
20347
20784
21077
23170
23209
24041
24758
24934
25168
25289
25293
25303
25473
25531
26014
27220
27327
27878
29092
29615
29648
29979
29999
30811
31162
31334
31796
32000
32137
32627
32888
33277
33673
34008
34343
36193
36719
37973
37998
39919
40397
40543
40557
40585
41097
41313
42234
42409
42876
43625
43818
43956
44274
44686
44910
44958
44976
45092
45299
46780
48121
49686
394
1698
2124
2353
2808
3013
3232
3386
3992
4143
4298
4756
5636
5809
6934
6995
6999
7255
9043
9054
9268
9612
10540
10792
10807
10881
11052
11398
11771
11941
12123
12484
13488
13663
14513
14795
15345
15643
15824
16158
16374
16781
17170
17793
18798
19156
19633
19640
20030
20096
20750
20774
20844
21073
21082
21347
21617
21801
21912
21927
22105
22329
22433
22821
23018
23421
23520
24134
24208
24331
24768
24980
24985
25753
25806
26020
26220
26609
27095
27232
27743
27804
27827
27958
29737
29952
30384
30714
31743
32497
32670
33447
34023
34574
34645
34776
35458
35920
35990
36241
37033
37067
37303
37391
37440
37579
37987
38001
38138
40395
40491
40949
41005
41124
41422
42093
42732
43091
44012
44309
45324
45875
46037
46420
46734
47125
47830
48205
48256
48257
48783
49037
49400
49910
96
149
301
333
382
519
784
1060
1192
1588
1645
1967
2486
2762
2771
3134
3686
3842
3886
4195
4344
4375
5563
6273
6621
6735
6838
8003
8025
8219
8472
9434
9861
10192
10614
10845
10875
11363
12384
14879
15003
15085
15103
15711
16277
16652
16752
16840
17166
17247
17561
17836
18280
18528
18601
19514
19785
19859
20113
20121
20165
20297
20540
20565
20650
21086
21195
22128
23474
23590
23844
24226
24447
24550
26166
26845
27006
27089
27646
27719
27808
28486
28997
29323
30403
30744
30841
31382
31895
32361
32387
33379
34144
34364
34703
35180
35449
35588
35694
35913
35949
36574
36598
37760
38304
38642
38814
38907
39567
39611
40157
40302
40325
40482
40693
40735
41447
41822
42638
43103
43697
44974
45301
45490
46431
46640
47899
47959
48422
49387
49441
1097
1762
2089
2776
3007
3188
3344
4277
5645
6183
6366
6512
7007
7914
8105
8108
8915
8918
8961
9240
10295
10409
11116
11424
11632
12240
12333
12442
13604
15136
15406
15939
16431
17143
17289
18122
18573
18721
19252
19314
19779
20013
20040
20491
20684
20734
21029
21069
21514
21959
22380
22467
23237
23299
23393
23525
24411
24719
25256
25407
25725
25845
26352
26782
27131
27236
27460
28186
28934
29310
30802
30818
31435
32532
32860
33741
33899
36124
36900
36991
36996
37183
37276
37374
37403
37417
37436
37480
37778
38324
38398
38489
38891
39207
39308
39993
40822
40989
41040
41858
42002
42106
43064
43136
43362
43511
44222
44331
44414
45631
46196
47222
47238
47908
48123
49292
49549
49552
49696
299
978
1363
1377
1479
2216
2602
2968
3171
3362
3430
3558
3862
4399
4729
5093
5126
5255
6531
6714
6976
7163
7261
7385
8538
8725
9406
9488
10217
10954
11352
11482
12358
12516
13890
13900
15310
15504
16597
18086
18869
19173
19310
19427
19637
19820
19836
19992
20375
20380
21178
21313
21512
22207
23629
24531
25191
25433
25451
26115
27959
28111
28265
29129
29166
29834
29840
30139
30564
30719
30885
31282
31472
31549
31558
31892
32238
32344
32618
33221
34673
35367
35577
35640
35660
35682
35780
35849
36518
36586
37222
37327
37857
38158
38168
38677
39082
39385
40401
40649
41665
43141
43299
44485
45122
45700
46399
46484
47886
48119
49123
49587
249
900
1846
1924
2132
2319
2335
3033
3222
3285
3914
4563
4806
5658
6210
6412
6940
7171
7664
7739
8689
9802
9878
10087
10276
10341
10366
10869
11537
11742
12153
12227
12800
13057
13603
13763
14077
14760
15342
15707
16133
16152
16282
16882
17697
18652
18674
18803
19043
19272
19508
20412
20625
21749
22659
23398
23446
24130
24580
24882
24968
25007
25537
26265
26324
26931
27000
27206
27845
28419
29746
30104
30230
31409
31586
31916
32372
32801
33101
33242
33387
33454
33566
34547
34843
34901
34990
35204
35248
36297
36506
36652
37471
37783
37930
38034
38045
39460
39744
40010
40637
41186
41488
41690
41927
42338
42818
42823
43118
43422
43898
43953
45271
45727
46368
46504
46622
47326
47725
47927
48696
48725
49071
49098
49167
49743
213
847
1998
2080
2438
3605
5354
5465
5650
6010
6481
6878
8395
9877
10012
10089
10162
10190
10195
10847
10882
11614
12035
12257
13773
14249
14482
14523
14918
15030
15108
15482
15545
16441
16448
16758
17084
17506
17667
17738
17830
17980
18242
18281
18312
18443
19765
19794
19798
19965
20441
22964
23064
23296
23925
24579
24803
24831
25416
25594
25823
26497
26758
26866
26987
27125
27191
27430
27589
27798
28147
28251
28403
28510
28849
28962
29156
29751
29800
30344
30682
30724
30956
31047
31401
31544
32053
32100
32150
32587
33675
34027
34043
34121
34379
35365
35626
36522
36762
36997
38011
39109
39362
39511
39865
39975
40056
40723
40779
41054
41222
41707
41892
42082
42884
43252
43594
44543
44571
44880
44914
45976
46428
47306
48118
48716
48760
48930
49099
49984
36
537
1418
1570
1657
1739
1777
2680
4334
4835
5127
5572
6820
7102
7875
8519
8576
8896
9025
9816
10173
10685
11032
12199
12648
12765
12815
13090
13578
13963
14388
14936
15227
15301
15720
15798
15951
16102
16465
16588
17382
17404
18037
18887
18890
19005
19216
19380
19712
20335
20485
20500
20512
21128
21229
21414
22366
22387
22621
22764
23045
23199
23294
23569
24486
24525
24702
25420
25617
25715
26102
26208
26230
27274
27492
27909
28113
28546
28770
28800
28855
29551
29556
29756
30840
32133
32167
32277
32356
32412
32808
33581
34093
34164
34320
34556
34839
35916
35978
37455
37908
38238
38242
38558
38671
38998
39349
39720
39945
40186
40411
40809
41314
41420
42407
42452
42473
42664
43355
43635
43897
44328
44488
44911
45057
45344
45456
45517
45689
45781
45841
45972
46281
46309
46660
46895
46990
47373
47701
47857
49062
49270
49822
133
1271
1690
2106
3208
3255
3329
3462
4083
4480
4749
4841
4907
4992
5411
7241
7348
8457
8466
8572
8851
8867
9182
9215
9413
9554
10273
13391
13793
14298
14407
15116
16959
17058
17349
17652
18119
18742
18744
18944
19073
19261
19577
19601
20115
20214
20575
21559
21781
22426
23063
24017
24196
24784
25046
25401
25464
25828
26303
26780
27676
28197
28225
28769
30557
30732
30862
32174
32912
33054
33072
33509
34582
34686
35089
35807
36093
38728
39255
39399
40684
40708
41189
42010
42469
43161
43351
44075
44682
45592
46069
46305
46879
47176
47561
48055
49589
49903
88
178
269
369
1111
1260
1269
2038
2150
4323
4430
4730
4743
5388
6573
7183
8446
9741
10257
10710
10992
11179
11330
12023
12347
12778
12869
12991
13256
13699
13883
13961
14210
14525
14598
14805
14851
15018
15790
16011
16452
16734
17045
17319
17797
18184
18868
21098
22279
22976
24002
24287
24439
24585
24591
24669
24730
24820
25516
26653
27056
27169
27724
27857
27977
28095
28123
28909
28929
29130
29239
29429
29886
30536
31562
31653
31763
31851
32236
33327
33617
33657
33751
33883
34307
34477
34508
34851
35131
35487
36121
36294
36326
37943
38215
38685
39031
39857
40002
40261
40741
42546
44865
45146
45285
45842
46010
46022
46091
46717
47422
47531
47947
48084
48641
49331
49673
294
543
1656
2276
2322
2612
2729
3044
3484
3908
4327
5065
5763
6139
7422
7628
8301
8396
8424
8470
8971
9150
9935
10835
11056
11761
11843
12127
12299
12831
13220
13430
14478
14951
16058
16105
16586
16899
17315
17565
18172
19171
19229
19377
20452
21529
21680
21783
22509
22582
22702
22794
22914
23067
23854
23972
24156
24244
24341
25039
25731
26036
26382
26690
27814
28361
28396
28559
28980
29437
29451
29742
30328
30352
30430
30799
30829
31378
31746
31979
32535
32921
33421
35003
35454
36387
36533
37877
38633
38699
38996
39553
40221
40417
40937
41220
41298
41624
41883
42916
43081
43571
43734
44201
44639
44761
44794
45359
46145
46398
46999
47214
47539
47631
47675
47850
47981
48293
49045
145
279
565
1977
2387
2569
3093
3568
3803
5941
6192
6303
7327
7390
7848
8157
8447
8748
9056
9095
9187
9242
9436
9511
9638
9710
10097
10617
10833
11043
11314
11717
11722
13449
13854
13866
14350
14565
14626
14782
15538
15721
15828
15891
16140
16151
16690
16699
18592
18617
19007
19201
19777
19999
20135
21452
22623
22658
22801
23750
24030
24065
24182
25020
25053
25169
25214
25549
25928
26728
26779
27505
28016
28201
28289
29109
29132
29688
30090
30296
30655
31539
32441
32671
32873
32895
32989
33882
34341
34378
34876
34891
35077
35206
35239
35324
36206
36519
37018
37173
37179
37498
37682
39240
39501
39601
40759
40830
41430
42271
42468
42494
42561
42692
44276
44389
44581
44696
45013
45505
45550
45942
46116
46634
48116
48122
48968
49620
49744
49850
214
992
1688
1858
1896
4760
5347
5641
6476
6645
7319
7537
8499
8837
10057
10320
10347
11160
11359
11769
11844
11898
12634
12793
13375
13494
13648
14120
15759
16553
16853
17284
17596
17762
18470
18673
18735
20057
20847
21099
21173
21187
21193
21884
22481
22644
22866
23197
23865
23906
24611
24695
24813
25231
25427
25657
25796
26457
27839
30897
31299
31428
31978
32317
33299
33833
35101
35139
35154
35310
35359
35826
35984
36976
37166
38128
39277
39429
39430
40127
40214
40278
41409
41656
41902
41915
42434
42937
43181
43485
43819
44018
44094
44694
44883
45255
46015
46509
46533
46561
46693
48152
48850
49258
49399
49618
49775
1294
1910
2760
2840
3135
3143
3544
3997
4102
5250
6037
6246
6545
7472
7626
7652
8138
9006
9897
10165
10330
10853
10958
11615
11706
12450
12467
12720
12944
13099
15881
16868
17040
17787
18212
18489
18787
19130
19390
19840
19975
20539
20617
20830
20896
21240
22142
23409
25131
25268
25386
25508
26436
26799
26901
27064
27286
27408
27574
27950
28416
28521
29694
30254
31545
32469
32770
34704
36084
37995
38474
38569
38925
38936
39148
39979
40450
40984
41166
42455
43962
44246
44574
44671
44879
45054
45722
46352
46621
47572
48241
48359
48466
48523
49596
49786
248
666
964
1229
1351
1398
2782
3468
4795
5538
5916
6437
6636
6932
7374
7398
7518
7705
8384
9360
9508
9715
9822
10179
10275
11197
11699
11857
12171
12427
12560
13210
13941
14651
15991
16222
16540
16612
17073
17089
17102
17492
17570
17951
18570
18605
18644
19221
19542
20068
20478
22648
23334
24876
25340
25557
25573
25782
26065
26417
26902
27668
28247
28724
29339
29621
29822
29915
30001
30115
30495
31183
31755
32181
32713
32748
32890
34077
34129
34945
35254
35835
35943
36117
37069
37158
37160
37448
37563
37585
37614
38119
38732
39434
39639
41132
41203
41408
42081
42255
42401
42591
42603
42815
43640
43948
44032
44224
44288
44338
44685
45110
45670
45923
46108
46148
46157
47842
48288
48325
48560
48570
48688
48892
49006
49169
49542
49900
27
1395
1864
2237
2478
2543
2926
3603
3974
4898
5132
5261
6067
6421
6521
7059
7063
7545
7589
8433
9727
10541
11668
12861
13454
13819
13971
14193
14357
14667
15500
15559
16254
16255
17416
17878
17895
19228
21745
22021
22640
22827
23568
23648
23831
23969
24298
24348
24628
24904
24988
25108
26407
26633
27331
27996
28241
28830
28931
28966
29117
29885
30010
30269
30309
31462
31713
31845
32160
32980
33603
33762
33885
34049
34580
34911
35062
35217
35628
35790
35857
35948
36802
37117
38169
38874
39474
39528
39666
40618
41039
41057
41101
41155
41439
41527
41811
42529
43115
43249
43436
43970
44046
44356
45160
45573
45853
46644
47408
47570
47591
47925
47966
49479
49912
44
317
331
523
1525
1551
1863
1883
2131
2262
2868
2944
3102
5618
5816
6013
6405
6553
7027
7057
8889
8947
9302
9669
9990
10139
10790
11421
11589
11644
11770
11981
12382
12469
12500
12637
13317
13414
14913
15536
15631
15746
15821
16589
17032
18168
18369
19667
19673
20875
21201
21355
21518
21846
22561
22632
22791
23008
23255
23543
23582
24796
24817
25225
25309
25810
26156
26255
26993
27202
27431
27682
28481
28643
28673
28781
29191
29478
29920
31054
31095
31466
32499
33200
34014
34543
34567
35058
35328
36115
36298
36547
36778
36835
37331
37335
37414
38358
38389
38600
38629
39164
39879
40586
41517
41673
41863
42136
42278
42449
43447
43501
43532
43559
43621
44082
44278
44640
44836
44885
45168
45272
45743
47624
47724
47888
48272
48877
48970
49613
49949
49950
312
516
1194
1242
1429
1987
2718
2731
4962
5059
5671
5913
6189
6679
7242
7302
7355
7963
8002
8353
8405
9102
9904
10290
10501
10935
11126
11171
11173
11462
12827
12835
12995
13023
13244
14308
14745
15832
16518
16892
17236
17461
17475
17726
17867
18215
18356
18542
18683
19164
19269
19271
19807
20821
20944
21140
21826
22293
22605
22693
22935
23124
23470
23571
23968
24712
25876
26182
26459
27647
28217
28260
28967
29539
30761
30964
32422
33070
33189
34174
34270
34742
35388
36934
37652
37977
38425
38937
39108
39294
41577
41957
42274
43483
43829
44929
45384
46298
47049
47236
47735
48767
49499
49567
462
505
1709
2447
2851
2912
3172
3224
3418
3591
3615
3688
4561
5270
5449
6334
6491
6653
7072
7310
7430
7710
10327
10655
11974
12282
13190
13799
14396
15486
15769
15923
16114
16381
17555
17773
17842
18025
18633
19524
19747
19799
19892
20762
21141
21165
21223
21502
21610
22683
22713
22798
22804
22871
23475
24021
24418
24492
25611
26158
26405
26576
28676
28836
29210
29308
29532
30161
30294
30642
31425
32250
34190
34283
34581
34606
35675
35763
35874
35903
36919
37104
37595
38182
39444
39780
39837
40591
41019
41403
43067
43130
43504
44052
44377
44494
44959
44981
45240
46126
46203
47311
47525
48445
48895
49551
49606
49819
1038
1430
1822
2951
3169
3200
3258
3380
3402
3604
3921
4017
4716
4792
5224
5247
5426
5555
7126
7678
8107
8507
8800
8870
9033
9226
9740
9945
11455
12170
12652
13226
13290
14827
16228
16235
17560
17669
17715
17812
17937
18147
19002
20527
22397
22869
23038
23363
24211
26854
27238
27603
27734
27858
29389
29452
29893
29895
30370
30467
30516
31168
31560
31971
33984
34288
34353
34461
34711
35692
36425
36531
36606
36864
37003
37211
37560
37702
37703
38432
38938
39163
39235
39288
39371
39608
40246
40504
40587
41282
41381
42356
42530
44162
45943
45990
46604
47652
47698
47760
48219
48825
48840
49266
84
632
1140
1631
1650
1842
3460
3637
4043
4138
4351
4500
5124
5877
6046
6272
7365
7701
7851
8264
8522
8712
8875
9157
9270
10900
10955
11489
11953
12038
12039
12721
12943
14979
15201
15276
15462
15577
15663
15949
16050
16156
16399
16590
17282
17490
18170
18635
18826
18957
19456
20301
20309
20457
20838
21043
21125
21505
21676
21759
22421
22662
23400
23650
24180
24398
25571
25775
25989
26019
26024
26413
28081
28118
28856
28917
29010
29040
29382
29945
30650
30712
31001
31111
31128
31787
33159
33264
33420
33563
34260
35877
35915
36125
36750
36764
37137
37583
37584
37635
38043
39120
39935
40031
40154
41000
41321
41605
41790
42268
42403
42618
42676
43302
43338
43720
44072
44170
44252
44756
45159
45623
45629
45725
45876
46322
46415
46665
47224
48792
49156
49187
49470
49599
49733
49856
158
169
193
327
862
1044
1225
2002
2202
2934
3249
3295
3331
3738
3822
4118
4648
4885
5304
5412
5429
6668
6931
6946
7201
7273
7834
7866
8526
8804
8815
9173
9556
11561
13444
14486
14603
15421
16169
16488
17042
17834
18755
18909
18977
19035
19127
19677
19871
20005
20903
20990
21825
22353
22568
22842
23109
23128
23367
24377
24588
24720
24737
25027
25121
25279
25425
25659
26498
27313
27708
28163
28523
29636
30140
30729
30872
31187
32235
32711
32752
33406
33574
33639
34056
34075
34377
34975
35304
35355
36083
36925
37065
37256
37509
38068
38297
38615
38917
39250
40065
41089
41466
41503
42094
42219
42371
42451
42898
42912
43054
43304
43333
43548
44381
45167
45480
45809
47689
47877
48768
49722
870
972
1024
1667
1687
1758
2470
3835
4179
5006
5798
5881
6923
7619
7873
7899
8082
9804
9844
10181
10215
10904
11231
12073
12122
12300
12391
13445
13739
13904
14246
14323
15236
15288
15463
17004
19146
19485
19568
19646
20900
21071
21609
22316
22500
22569
22571
22690
23016
23320
23397
24199
24268
24475
24714
25258
25833
28313
29414
30262
30320
30609
31097
31366
31530
33106
33143
33178
33369
34001
35013
36027
37217
37257
37444
38385
38458
38683
38953
39159
39192
39466
39479
39578
39704
39929
40071
41131
41195
41211
41281
41800
41875
42007
42526
42859
42960
42971
43152
43495
43581
44308
44418
44511
44777
45148
45435
45503
45986
47032
47488
47547
48078
48498
48525
48540
48961
49321
49647
265
352
416
508
759
824
834
1575
1827
2008
2100
2378
2488
2947
3043
4161
4278
4725
5281
5891
6858
6860
7207
7730
7849
7860
8237
8500
8763
10841
11468
11518
11813
12055
13082
13683
14682
14972
16194
16677
17507
17583
18123
18207
19161
19628
19778
19913
19940
20138
20489
20499
20711
20918
21035
21259
21541
22267
24128
24557
25086
25670
26018
26054
26234
27090
27400
27764
27914
27939
28011
28150
28230
28246
28308
28494
28709
28715
28999
29708
29748
30053
30144
30398
30726
31240
31261
31582
32202
32823
33012
33265
35600
36041
37434
37672
38702
39128
39573
40067
40890
41110
41852
41969
42925
43613
43916
43999
44256
44367
44444
44941
45281
45971
46301
46786
47026
47051
47390
48201
48494
48704
49005
49223
49294
49954
422
738
1221
1683
1955
2954
3786
3894
4291
4451
5742
5995
6144
6898
6968
7244
7522
8032
8185
8406
8494
9126
9149
9262
9905
10951
11958
12705
12764
12940
13316
13955
14015
14401
15117
16345
16510
18214
18609
19881
20542
21270
21499
21551
21762
22235
23204
24203
24543
24651
25341
25854
25899
25986
26017
26312
26347
26486
26619
28413
28793
29089
29407
29433
29595
29806
29970
30127
30932
32335
32631
32961
33359
33411
33823
34092
34548
35014
35032
35179
35190
35315
36335
36436
36892
37555
37875
38057
38870
39917
40159
40646
40858
40928
41158
41358
41712
41835
41953
41959
42149
42906
43643
43696
43755
44311
45827
46024
46313
47567
47894
48034
48702
48782
49171
49657
383
912
1063
2721
2847
2895
3045
3496
3532
3660
4008
4345
4529
4963
6141
6623
6803
9071
10989
11137
11193
11407
11869
13354
13726
14405
14940
16260
17498
17545
18741
19169
19649
20053
20075
20421
20626
20780
21085
21345
21906
22081
22756
23148
23364
24429
24443
24647
24748
25223
25631
26313
26648
26839
26912
27047
27358
28268
28834
30465
30673
31143
31223
31262
31640
31821
31949
33182
33195
33606
34367
34447
34465
35672
35708
35955
36984
37059
37531
37811
38100
38206
38247
38313
38676
38741
38853
38895
39590
40351
40494
40668
40823
41011
41119
42565
42786
43308
43609
43848
44297
44772
44798
45029
46107
47308
47658
47685
48243
48339
48780
48795
49792
49983
453
797
1115
1135
1416
2844
3051
3149
3333
3624
3767
3806
4197
4324
4738
5872
5980
6005
6086
6809
7113
7162
7182
8818
9140
9913
10640
11113
11373
11861
12463
13436
13718
13909
14155
14920
14935
15025
15172
16778
16980
17221
17859
18611
18759
18764
19397
19580
19805
20543
21260
22022
22107
22333
22348
22450
22763
22907
24000
24300
24362
25607
25924
26181
26209
26775
27221
27370
27487
27525
27713
30316
30573
30597
31136
31184
31204
31673
31826
31919
32031
32064
32463
32584
33313
33681
33792
33972
34089
34111
34156
34504
34857
35261
35689
36157
36985
37127
37534
37979
38371
38555
39091
39442
40181
40559
41218
41686
41706
42795
42923
43669
44096
44248
45155
45605
46527
46802
46816
46823
47065
47493
47910
48557
48773
49256
49370
49457
49458
49799
49934
13
241
609
702
936
1981
2084
2172
2206
2255
2315
2547
2581
2796
3276
5034
5352
5656
5988
6306
6374
6544
7098
7896
8453
8715
9147
9190
9362
9772
10929
11158
11535
12436
12616
13122
13997
14279
14303
14792
15947
17959
18077
19027
19507
19572
19858
20840
21475
22113
22220
22323
22385
22472
22524
23365
24227
24516
25939
26621
26727
27170
27781
27913
28277
28321
29286
29651
30207
32061
32762
32803
32817
32846
33920
34786
35122
35710
35761
36677
37377
37477
37658
37964
38253
38359
38921
39065
39210
39791
39806
39936
42006
42142
42310
42433
42538
43661
43779
44089
44431
44826
46088
46403
46406
46412
46461
46755
46911
46964
47731
49247
539
922
1179
1374
1818
2689
3243
3508
3929
3952
4512
4825
6676
6688
7054
7535
7542
7590
8514
8740
10239
10249
10342
10543
11191
11282
12700
13782
13813
14068
14131
15938
16296
16315
16444
16520
16522
16854
16875
16940
17292
17338
17542
17783
17786
18268
18400
18758
18882
19303
19422
19929
20035
20314
20577
21829
22422
22519
22848
22999
23048
23053
23080
23690
23778
23912
24181
24511
24636
25320
27394
28124
28442
29330
29517
29521
29580
30153
30672
30747
31632
33110
33503
33539
33628
33842
34785
34870
34941
35564
36088
36918
37120
37387
38364
39370
39464
39948
40685
40963
41758
41866
42690
43228
43367
43428
44003
44750
45398
45627
47161
47277
47581
47660
47677
47833
49004
49443
49503
49918
733
798
875
896
1584
1607
2149
2176
2191
2671
3221
3300
4255
4378
4407
6231
6339
6566
6664
7235
7675
7709
8079
8167
8615
8799
8967
9324
9543
10574
10818
10873
12005
12128
12313
12773
13054
13706
14886
15140
15168
16858
17604
18011
18201
18323
18935
19122
20149
20151
20326
20474
21272
21341
21714
22143
22546
22684
23407
23665
24174
24435
24467
24606
24854
25060
25295
25809
25921
26354
26708
26948
27576
27766
28191
28865
28954
29640
31400
32200
33399
33485
34033
34520
34813
34940
35055
35099
35130
36380
37911
37928
38137
38538
38710
39699
40449
40608
41067
41245
41253
41588
42174
42398
42707
42840
43169
43373
43420
43641
44137
44626
44942
45412
45660
45859
46271
46423
47207
47342
47491
47884
48299
48808
49318
49573
1131
1393
2309
2600
2821
3354
4156
4888
5794
5948
6398
6589
7843
7961
8153
8325
8786
9068
9078
9246
9574
10733
12222
12609
12833
12881
13265
13542
14375
14567
14956
15070
15191
15331
15361
15774
15990
16035
17396
17700
17925
18121
18964
19702
19755
19867
20050
20190
20200
20770
21526
21678
22573
23198
23466
23712
23958
24042
24412
24945
25096
25242
25428
25738
27227
28205
28693
29513
29821
29874
30175
30239
31415
31847
33840
34170
34198
34291
34362
34558
34691
35026
35734
36654
37133
37204
37609
37709
38139
39006
39170
39927
40267
40425
40727
40850
41056
42280
42475
42608
42808
42869
42943
43401
43426
43567
43712
44069
44649
47400
47678
47723
47738
48594
48756
48890
49234
49691
245
295
1052
1712
1848
1857
1917
2479
2558
2631
2866
3636
3673
3749
4147
4874
5681
6194
6196
6259
6642
6867
7030
7996
8132
8693
8819
8845
9159
9269
9306
10551
11189
11498
11533
12396
12690
13072
13552
13741
14309
14572
14910
15333
15795
17074
17354
18478
18789
18860
19144
19170
19648
19675
23441
23584
23987
24198
24387
24452
24554
24783
24857
25033
25274
25459
25941
26358
27736
27785
28569
28989
29110
29334
30690
30842
30942
31181
31226
31306
31375
32157
33444
33803
33941
34597
34816
34836
35887
36928
37914
38495
39072
39359
39435
39556
39838
41087
41120
41285
41449
41454
41819
42686
42885
43441
43651
43876
44191
45535
45952
46303
46546
47188
47248
47506
48261
48815
49118
49303
1701
2508
2603
3365
3374
3378
4299
4674
4688
5493
5605
5745
5986
6110
6953
7228
7413
7790
8007
8036
8585
9123
9144
9884
10344
11067
11938
12489
12825
13024
13561
13973
14590
15009
15277
15905
17344
17423
17471
17741
17846
18090
18348
18422
19072
19192
19351
19728
19751
19924
19953
19961
19982
20083
20143
20933
21262
21385
21493
21606
24290
25801
26074
26391
26578
26893
27710
28076
28373
28731
29431
29716
30081
30684
31014
31263
31571
31992
32136
32405
32491
32657
32693
32694
33417
33676
33756
34240
34782
36510
36894
37157
37788
37991
39473
40314
40640
40725
41185
41393
41641
42296
42994
43336
44336
44523
44849
45908
46182
46663
46939
47141
47420
47487
47861
48233
48459
48799
48806
48862
49188
49725
730
1853
2275
2424
2923
3092
3318
3780
5125
5432
6020
6601
8700
8924
8960
9122
9460
11266
12633
15176
15594
15673
15880
16469
16681
16805
16829
17158
18193
18897
19473
19707
20024
20848
21318
21425
21675
22109
22594
23017
23139
23317
24172
24308
24822
24852
24887
25443
26375
28970
29270
30025
30156
32540
32681
33315
34046
34323
34812
34821
35091
35205
35489
35914
36034
36444
36663
36729
36948
36978
37610
38222
38700
39001
39113
39167
39627
40818
41012
41088
41799
42516
42896
42939
44206
44240
44303
44699
44727
44853
44872
46875
47208
47485
48285
48584
49254
49893
918
1041
1297
1376
1526
2614
3455
3609
4058
4193
4360
4483
5208
5628
5863
7753
8231
8232
8591
8644
8812
9613
10122
10157
10549
10697
11015
11450
11539
12293
12349
12448
12717
13565
13871
14121
14852
14876
14933
14971
15287
15401
15427
15469
15781
16499
16525
17811
17833
18404
18407
18423
18610
18950
20079
21864
22339
22918
24338
24522
24653
24680
24718
25058
26122
26449
26545
26673
27021
27942
27978
28365
28366
28518
28681
28948
29546
30256
31083
31674
32635
33068
33483
33860
34215
34677
35196
35480
35731
36037
36052
36751
36799
37570
37580
37699
38019
38559
38586
38645
38837
39171
39445
39980
40900
40995
41009
41129
41322
41644
42619
42841
42950
43199
43311
43690
43959
44218
44559
44894
45035
45253
45898
46363
46511
46638
47822
47988
48310
384
466
1081
1306
1753
1947
2411
2477
3685
3715
3739
3926
4177
4284
4499
4623
5294
7145
7295
7953
8729
9871
9981
10137
10296
10354
10800
11243
11461
11630
11647
11789
12864
13058
13200
13527
14212
14639
15588
15976
16424
17216
17482
17710
17940
18099
18795
18981
19324
20959
22020
22183
22419
23411
24986
26090
26485
27361
27481
27874
28053
28370
28505
28687
29630
29831
30331
31154
31338
31964
33018
33555
34200
34499
34514
34819
35774
36260
36767
37251
37479
38909
39526
40156
40372
41225
42179
42749
43365
43674
43702
44115
44584
45293
45641
46097
46728
47108
47264
47303
47602
47699
48177
48527
48711
49632
1027
1282
2620
3443
4428
4745
4853
5642
5826
6326
7343
7351
7781
9002
9264
9548
9852
9971
10007
10337
10438
10563
10613
10619
10718
10780
11415
12029
12401
12607
12929
13120
13163
13906
14699
14752
14960
15442
15491
16346
16461
16894
17246
17586
18627
18936
19044
19139
19426
19851
20358
21012
21170
21367
21411
21941
22785
22877
23086
23592
23893
24063
24158
24905
24955
25265
25329
25447
26008
26146
26604
26616
26891
27693
28048
28245
28729
30265
30272
30358
30683
31140
31515
31773
31802
32518
32831
32933
33225
34936
34958
35207
35290
35372
35752
36062
36964
37168
37298
38136
40138
40465
40762
41075
41551
42347
42762
42893
43191
44693
45081
45196
45659
45840
45884
46231
46543
47618
48634
594
851
1495
1966
2165
3907
3972
4064
4524
4827
4858
5445
5629
5789
5961
6539
6672
8021
8760
8776
8798
8994
9629
9952
10762
11030
11141
11385
11497
11865
11940
12256
12271
12483
12585
12619
12919
13679
13924
13926
14025
14198
14439
15313
15618
15652
15714
15760
16803
16997
17027
17718
17914
18031
18347
19182
19362
20022
20222
20290
21068
21224
21298
21307
22093
22557
22726
23461
24908
25863
26097
26386
26837
27662
28049
28571
28591
29030
29391
29485
30439
32184
32348
32439
33283
34181
35103
35338
35938
36536
36874
37629
38207
38263
38994
39110
39905
40202
40253
41105
41291
41305
41349
41397
41464
41599
43497
44684
45017
45153
46144
46650
47131
47223
47415
48295
48311
49024
49915
990
1051
1058
1678
1915
2062
2871
2979
3375
3622
3737
3770
3940
4041
5068
5438
6051
6324
6907
7307
9358
10132
10138
10883
10948
11344
11503
11662
13302
14211
14831
14906
15282
15846
15971
16015
16372
16702
16797
18514
18713
19048
19780
19853
20294
20316
20615
22248
22356
22475
22478
23654
23787
24026
24122
24217
24404
25177
25555
25671
25761
25942
26664
27969
28432
29557
29754
30124
30480
30632
30814
31550
31682
32967
33731
35085
35568
35946
36329
36566
37163
37686
37754
37945
38223
38376
38758
39071
39536
40265
40936
40987
41962
43461
43947
44493
44618
44638
44791
45179
45616
46242
46262
46612
47262
47291
47407
47679
48405
49933
1334
1335
1849
1891
2460
2497
2881
3766
3872
3967
4553
4671
5038
5511
5666
6180
6234
6308
6806
7609
8400
8484
8632
9146
9429
9879
10110
10429
10515
11819
12739
13043
13055
13836
13903
14330
14722
17228
17717
17945
18264
19461
19536
20234
20607
20949
21386
22554
23194
23295
24043
24431
24629
25674
25892
26699
27141
27173
27653
28146
28181
28234
28763
29070
29376
30035
30422
30501
31232
31925
32129
32260
32375
32445
32656
32868
32900
32969
33013
33901
34518
34815
35782
35884
36248
38061
39400
39998
40165
40300
40634
41154
41197
41667
42205
42701
43353
43945
45312
45337
45543
47372
47791
47929
48041
48307
48564
48816
49298
49482
49607
20
232
485
648
1761
1953
2051
2113
2186
2459
2817
3325
4217
4266
4482
4668
5929
6295
6991
7587
8145
8636
8647
8997
9293
10464
10589
10867
11244
11490
12514
13121
13680
14850
15574
15696
16917
17072
17452
17496
17732
17924
17974
18916
20213
20405
20640
21305
22232
22328
22781
24070
24075
24494
24756
25040
25661
25804
25987
26127
26229
26746
27521
27692
28652
29189
29344
29477
29506
29623
29897
29974
30119
30323
30835
31038
31076
31688
31843
32473
33226
33259
33268
34080
34083
34108
35823
36067
36274
36785
36955
37361
37386
38167
38523
38723
40013
40293
41161
41213
41473
43256
43390
43889
44295
44305
44536
44564
44918
45357
45831
45964
46542
46826
47299
47367
48029
48033
48052
48151
48264
48956
49133
49449
49463
49465
49742
49804
572
1020
2194
2490
3065
4252
5098
5230
5459
5876
7285
8118
8306
8537
8835
8962
9029
9691
10144
10345
10514
11034
12290
12813
13661
14105
14335
14536
14773
16792
16931
17679
17853
17965
18091
18938
19251
19587
19658
19800
20786
22250
22783
23142
23324
23861
23998
24164
25253
25822
26293
26406
26426
26563
27028
27138
27156
27970
27973
28022
28458
28714
28787
29458
30190
30201
30630
31551
32475
32744
32771
33048
34621
34829
34913
35201
37031
37373
38484
38560
38607
39622
39819
40319
40530
41017
41701
42806
43036
43601
43910
44457
44754
44758
45639
46014
46259
46372
46375
46409
47763
48035
48486
48496
48723
48853
48886
49020
49035
49537
40
628
764
777
1454
1799
2069
2730
3077
3724
4182
5446
5743
6763
6796
6957
7035
7042
7099
7243
7324
7362
9726
9756
9805
10364
10401
11077
11718
11739
12510
12580
12956
13728
13837
14352
14369
14950
15325
15937
16422
16620
16779
16865
17133
18292
18739
19292
19381
20637
20657
20721
20787
21747
22029
22053
22456
23252
24049
24262
25999
26028
26600
26688
26711
27126
27393
27427
28838
29187
29585
30136
30656
30765
31049
31580
32316
32324
32541
32863
33319
33568
33934
33955
34349
35030
35944
35992
36328
37512
37612
37920
39580
40125
40384
40457
40674
40938
41142
41837
42207
42284
43058
43864
44315
44579
44893
45313
46096
46427
46450
46656
46754
47986
48186
48626
48770
49364
49978
24
354
535
557
663
982
1216
1515
1558
1835
2461
2684
2726
3063
3203
3216
3239
3368
3525
3838
4310
4580
5193
5397
5494
6166
7106
7289
7441
7938
8737
8917
9142
9461
10318
10581
11139
11238
12215
12336
12808
13142
13447
13523
13612
13902
14006
14798
15190
16211
16596
17121
17921
18243
18317
18339
18447
18672
18974
19193
19331
19890
20070
20154
20793
21113
21243
21763
22383
22727
22792
23021
23800
24045
24169
24656
24706
25533
25589
25864
26551
26734
27081
27586
27618
30191
30794
30892
30975
31689
32875
33246
33395
33527
33641
33820
34761
36210
36833
37180
38292
38743
39152
39619
40137
41680
43195
43375
43446
44242
44900
45528
45576
46166
46212
46763
47003
47292
47425
47521
48089
48136
48258
48495
48606
48779
48889
48962
49040
49619
49827
49867
815
1181
1274
1550
1786
2377
2535
2565
3021
3710
3884
5044
5073
6454
8115
8958
9193
9381
10046
10522
10819
11542
11994
12556
12988
12994
13544
13876
14072
14889
15177
15441
16358
16373
16800
16817
17081
17310
17401
17481
17819
18063
18245
18260
18915
19057
19181
19552
19846
20023
21531
21569
21719
21730
21991
23695
23984
24685
25164
25306
25708
26610
26637
26822
27106
27657
27664
28353
28663
28837
29497
29536
29657
29845
30018
30107
30549
30878
31473
31507
32345
32689
33008
33061
33217
34318
34575
34811
34874
35473
35494
37070
37416
37749
38027
38517
39682
39827
39990
40486
40538
40633
40749
40750
41630
41737
42177
42497
43097
44358
44482
45349
45897
46174
46499
46719
47010
47061
47330
47389
47571
47599
49527
49868
47
289
300
583
599
1535
1578
1789
2281
2617
2779
3577
3579
3798
6281
7037
7433
7484
7497
7711
7949
8116
9876
9951
10355
10453
10628
10656
10928
11107
11152
11545
12385
12629
12852
12894
13690
13820
13834
13880
14293
14863
15228
15901
16300
16813
16822
17304
17743
17775
19245
19495
19526
19746
20481
21155
21291
21950
22631
22805
22937
23030
24114
24745
25737
26256
27262
27634
28242
28286
28734
28809
29594
29793
29849
30545
30610
31237
32610
32648
32977
33321
34028
34126
34789
34919
35690
35873
36230
36709
37134
38421
39241
39571
39581
39668
40032
40296
40507
40514
40560
40565
41353
41705
41759
42359
42402
42684
43482
43899
44287
44533
44915
44930
45647
45671
45820
46162
46424
46880
46989
47909
49175
49688
49794
49854
49994
31
277
338
2162
2220
2380
3025
3286
3351
3655
4027
4100
4242
4417
4974
5865
6286
6742
7152
7559
8413
9171
9310
9826
10131
11656
12429
12547
13025
13344
13695
14110
15203
15417
15930
15997
16191
16319
16398
16956
17118
17533
17587
18482
19110
19141
19295
19668
19876
21321
21490
21760
21817
22446
23272
23386
23763
23993
24251
24311
24534
25740
26454
26512
26595
27577
28543
28603
28630
29008
29125
29244
29417
29663
29976
30322
30329
30751
31300
31359
31520
31765
32291
32871
33043
33162
33172
33477
34090
34312
34395
34759
34906
35168
35730
36288
36589
36880
38146
38157
38404
38406
38576
38764
39195
39869
41122
41284
41520
41623
42090
42506
43515
45478
45632
45657
45888
47424
47843
48138
48838
48947
49262
49328
49595
652
1061
1086
1597
2346
2419
2816
3218
3341
3342
4025
4113
4258
4329
5515
5702
6342
6463
6770
9515
10125
10380
10647
10838
11133
11625
11924
11930
12059
13792
13984
14157
14327
14438
14577
15086
15278
15346
15402
16027
16057
16064
16362
16400
16531
16741
17021
17690
18110
18410
18595
19101
19348
19903
20240
20590
21292
21387
21765
21963
22180
22304
22751
22903
23228
23258
23356
23515
23859
24315
24524
24841
24903
25411
25419
26107
26260
26625
26956
27490
28354
28482
28878
29245
29487
29605
29722
29990
31316
31384
31881
32496
33613
34233
34555
34557
34938
35165
35404
35598
35900
36363
37079
37933
38360
38414
39168
39327
39899
39955
40328
40335
40532
40546
40659
40960
41141
41579
42748
42989
43475
44204
44814
45367
45856
46128
46929
46978
47072
49403
49679
506
1212
1802
1960
2219
2538
4187
4493
5444
5608
5751
6204
6302
7448
7661
8096
8414
8913
10027
10052
10811
10816
12015
12195
12217
14263
14289
14707
14807
15437
15847
16542
16832
17237
17317
17527
18543
18557
18717
19197
19394
19674
19816
19955
20396
20537
20850
20974
21642
21837
22032
22208
22665
22682
22850
23458
23614
23734
24771
26430
27087
27183
27300
27938
28323
28407
29359
29767
29801
30125
30359
30577
30823
31463
31651
32714
32759
35057
35339
35806
36303
37246
37999
39448
39773
40866
41010
41283
41726
41884
42158
42508
43267
43405
43954
44086
46173
46744
46798
47089
47099
47140
48464
48649
48762
48920
49079
49814
116
296
378
522
1196
1206
1277
1601
1685
1751
1877
2161
2961
3042
3082
3127
3379
5060
5540
5688
5817
6800
7147
7480
7555
7674
8150
8435
8609
9143
9344
10205
10824
11004
11228
11305
11322
11452
11500
12044
12143
12317
12548
12799
13274
13360
14083
15268
16131
16167
16172
16637
16808
17122
17973
18300
18365
18402
19283
19685
19742
20046
20161
20399
21008
21628
21903
22560
22767
22818
23256
23297
23417
24364
25118
25137
25781
27207
27402
27419
27695
27801
28401
28807
29188
29381
29400
30187
30581
31357
31902
31917
32270
33412
33432
34977
35421
35609
35898
35907
36108
36350
36459
36640
36665
36891
37228
37790
38663
38859
38876
38981
39515
40731
40896
40912
41576
41613
41668
41935
41975
42411
42944
43514
45548
46193
46236
46292
46710
47702
47771
47957
48179
48565
48727
48932
49737
175
709
904
1400
1581
1873
1968
2307
3231
3299
4431
4433
4637
4855
4906
5309
5696
6157
6900
7083
7381
7510
8436
9195
9471
9510
9900
10607
10722
11085
11341
11529
12472
12600
12729
13195
13954
14171
14420
14527
15422
16413
16700
18049
18352
18646
18763
18902
20956
20966
22018
22174
22905
23940
24052
24708
25232
25548
25667
25831
25967
27503
28064
28631
29085
29622
30092
30219
30973
31033
31373
31564
32915
32979
33100
33648
34208
34386
34402
34896
35049
35117
35666
35969
36281
36503
36692
37066
38177
38249
38745
39409
39621
39940
40451
40539
42013
42227
42931
42959
43292
44109
44529
44655
45188
45390
45981
46056
46825
47945
48601
48814
49094
49113
49515
49610
362
364
818
1749
2766
2891
3291
3923
4203
4301
4386
5257
5633
6506
7044
7370
7723
8004
8120
8136
8442
8720
8788
8901
8977
9035
9160
9280
9392
9440
9485
10148
10322
10446
11354
11648
11690
11989
13417
13443
13486
14900
15332
15603
15686
15844
16007
16609
17721
18827
19806
20432
20722
20955
21199
22054
22566
22955
22967
23217
23287
23716
24195
26119
26590
27861
28105
28129
28371
28604
28613
28674
28682
28732
29862
30624
30959
31470
31955
32069
33316
33904
33948
35219
35325
35786
35901
37306
37985
38431
38910
39059
39130
39561
39688
40827
40862
41049
42154
42240
43014
43048
43272
43380
43400
43580
44064
44146
44392
44946
45165
45718
46208
46264
46446
46637
46649
47468
48352
48365
49050
49461
49582
49759
220
257
860
1163
1792
2442
2777
2955
3124
3215
3490
3554
4589
4761
4800
4933
4968
5027
5058
5245
5627
5875
6223
6667
7966
8174
8345
8885
8948
9723
10078
10271
10272
10326
10746
11508
11579
12087
13311
13692
13803
15358
16195
16401
16504
17314
17630
18094
18135
18344
18724
19051
19741
20002
20741
20803
20822
21646
21953
22262
22474
23283
23366
23434
26192
27683
27832
28137
28454
28780
28996
29315
29573
30020
31976
32233
32241
32927
33643
33838
34301
34728
35247
35801
36087
37086
37225
37947
37969
38155
38739
38866
39129
40042
40681
41127
42567
42929
43178
43397
43946
44501
44724
45496
45698
45793
45806
45836
46018
46073
46495
46669
46721
47323
47380
47643
48916
49227
49305
49339
49877
70
314
636
850
1675
2012
2073
2339
3177
3302
3538
3576
3881
4230
4799
5197
5231
7857
8184
8462
8563
8848
9642
11726
11839
12254
12481
12882
13229
13376
13482
14178
15066
15258
15435
15452
15647
15691
17469
18455
18998
19045
19296
20438
20475
20573
21501
21750
21899
21975
21982
22110
22461
22891
22981
23227
24321
24323
25347
25509
25590
25769
26660
27374
28493
29217
29338
30236
30319
30837
32082
32676
32995
33125
33484
33789
34455
34550
34572
35010
36202
36234
36901
37156
37574
37592
38344
38659
38722
39686
40030
40038
40332
40437
41423
41771
41824
41903
42186
42583
44349
44664
44732
44763
44824
45431
45601
46043
46095
47508
47948
48115
48568
49096
49793
915
1708
1959
4181
4655
6101
6274
6462
7406
9093
10408
12723
13362
16012
16271
16349
16649
18078
18225
18649
19486
19561
20885
21558
22259
25194
26215
27509
28564
28899
29638
29682
30766
32179
32589
32735
33981
36367
38571
41178
46269
47278
49948
643
679
810
1740
1862
2209
3563
3712
3729
5975
6665
8126
9196
9356
10183
11105
13485
13950
16020
17262
19210
23091
23419
24978
25912
27043
27585
28900
29337
29493
30974
31447
34790
35518
36582
36630
40447
42364
42958
43008
45098
45762
47244
15
1360
1944
2647
2939
3606
5212
5747
7247
7371
8365
9109
9707
9962
10738
14719
17013
17428
18779
19709
22454
22654
24177
24753
27036
31153
31446
32037
33763
34237
34425
39476
39790
39938
41126
42254
42351
44843
45378
45558
47439
49615
49904
959
2367
2995
4929
7880
7908
9091
10601
11003
14899
17211
17920
20247
21265
22442
23773
24564
25109
29836
30325
37057
39117
40148
40180
40453
41687
42668
43982
43993
46605
46861
47282
47497
393
1815
4249
8193
15558
16993
17026
20270
21571
22212
22527
22760
24723
25463
25996
29609
31656
31728
32470
33808
34350
34493
34629
34748
37002
37573
37847
38130
38511
38673
40418
42383
44938
45163
45352
45521
2448
3006
3641
3664
3764
4321
4543
4583
5103
8020
8146
8595
9286
12656
13461
18689
18924
20773
22498
22735
23103
24414
24562
25456
25979
30875
30887
32515
33404
34079
34708
35936
36558
37255
38194
38831
39700
39799
40716
41518
41654
41662
41874
42048
42919
48717
1831
1939
3055
3220
3973
4946
5202
5680
7699
7922
8638
8919
10945
12345
13241
14236
16443
22381
23090
23357
24551
24777
25248
26197
26314
27387
31850
31931
33834
35226
35523
37014
37343
38588
39456
41219
42677
46987
47327
48698
48819
49025
197
952
1064
2824
3954
6468
11866
12816
13817
15152
15243
15470
18171
19948
22194
24818
25910
26199
27456
28141
29863
31506
36938
37926
38110
39300
39604
40149
40402
41593
42155
43030
45493
45683
48010
2518
5121
6984
8027
8460
9969
10246
10313
11308
13154
14924
15126
15316
15379
16080
18613
20882
22898
24403
24725
25038
25152
25286
27547
30678
32019
34057
34998
36873
39086
39375
39736
40011
41832
42498
43139
43399
43704
43713
44438
45583
46773
47345
49663
78
3104
4281
5181
5942
8452
10091
12928
13676
13968
13995
15396
17078
17673
17759
21637
21908
22165
24463
26075
27699
28167
28706
29512
31130
32431
34432
35387
36284
41478
44161
44669
45197
45395
48454
1464
1564
1963
2370
2544
8274
9630
9948
10306
12584
15914
17799
18030
19437
21058
21543
23618
24574
26744
27073
29167
30023
31096
31578
32253
32477
34191
35527
38208
39676
41062
44635
46828
48289
4805
7449
8049
8403
9781
12872
14448
17096
17307
19512
21379
22408
25493
25723
26573
27850
28618
29743
30716
33954
34822
35462
35879
36000
36389
39183
39872
40664
42856
155
278
4005
4044
4239
4652
8059
9255
9349
11781
12187
15735
16274
19185
19717
21483
22518
24080
25175
25677
27436
29775
30691
31747
31930
33167
36412
37082
37981
38980
40366
40396
42281
43438
44651
44920
44972
46117
46655
47001
47932
190
1333
1538
2041
2700
2799
3781
4984
4995
5046
5276
5903
6436
6915
8114
9820
10637
10771
11128
14595
14679
15434
15777
16457
16701
17256
17958
18978
21397
27218
27413
29443
29489
33879
33982
34087
36214
37661
37855
40140
41106
42935
45424
45613
46383
47250
47841
48024
48375
622
6702
7462
8669
9480
9536
9765
10006
10925
15898
16052
16881
16981
17794
18353
19355
19736
20021
21090
22653
22929
24555
25375
25843
26081
27042
27723
27761
29041
30845
34766
34866
35481
36930
37383
38288
38510
38608
38696
41165
41380
42105
45275
47315
48437
1227
4294
4306
4787
4830
5839
9766
9873
10310
12119
13863
14613
15505
18002
20081
20809
23894
26863
27179
29771
30888
30989
31174
32158
32945
33716
34384
35479
39187
39986
40019
41855
44036
44343
45948
46857
48882
49195
49350
3047
4125
8093
9761
11913
12043
13708
17006
18316
18336
25475
25767
26942
27921
29818
30827
31062
31388
31864
33526
35045
35212
35297
35535
36453
38035
38199
39015
39387
41363
44197
44995
45106
46177
46905
2472
3459
5168
7527
9533
11053
13427
15220
15283
16943
17969
18038
19026
19097
21239
23071
23756
28910
29515
31798
32862
36588
37543
37596
39194
41114
42299
42437
42620
42626
42792
43061
43417
44891
46596
47191
47324
49343
49444
1364
2033
2996
3054
3213
5154
6538
8377
8521
9309
10648
10964
11025
13103
14213
14864
16696
20402
21354
21937
22264
22817
24619
24671
24891
24984
26917
27283
28964
29461
30500
31042
31825
35349
35612
36708
36757
37252
37408
37624
39413
40726
42880
42905
45448
46873
47529
48370
48477
1034
8420
12366
14404
15852
20498
20700
20940
21210
22452
22724
24976
25145
26225
28326
29029
30498
34249
34286
34385
35547
35549
36440
36831
37407
37873
43824
45410
46387
47869
1834
2936
3523
4039
7680
7756
10001
13634
14140
14356
14893
18536
19430
19441
21832
22138
22525
26104
26898
27405
28650
29530
29559
32149
33479
35071
36434
37346
37708
38652
42247
42710
43325
43795
45458
45954
49459
1888
3018
5428
8883
9342
9701
10333
11738
13528
15952
16558
16862
17820
21147
21431
22042
23184
23799
24019
25124
26705
27240
28555
34165
36923
37023
37181
38536
38552
39886
40706
41483
42489
43510
47138
48110
2702
2855
5041
5269
6315
6333
6507
6579
8018
8921
10348
10463
12904
16478
16501
17847
18039
20359
21334
22027
24098
25477
29791
30487
34949
35166
35816
35854
35870
36319
36399
39049
41013
42562
43175
49086
49702
210
6425
7058
8050
8160
9420
10317
10661
11248
14283
14456
15216
16324
16330
16460
16703
16844
20572
22052
22949
24231
27826
28678
29050
29420
29734
31437
31576
31894
32732
32813
34895
39302
39428
40908
43714
45813
46844
48943
49843
748
1609
2340
2673
7928
8448
10359
16571
17124
18296
20443
20720
21603
22529
23233
23505
23849
24221
24380
24542
25414
25867
25953
26416
29747
29882
30857
31103
32613
33368
33530
33583
34210
35065
35102
35115
36066
36155
39046
40408
40701
42034
42134
42193
42427
43470
43788
45673
46257
46733
47523
49354
524
3189
4330
5076
5462
6369
6401
6829
8048
9327
9588
9602
9890
11337
12314
14225
16307
17763
18945
19199
20144
21250
22704
26144
26978
28956
29039
30605
32959
33095
36568
36935
38627
39615
39831
42014
45904
46031
46065
46675
46852
46916
48463
49756
49778
83
456
808
2859
3074
3573
3802
5196
5479
6465
6874
7995
10384
11713
13725
15338
17060
17278
17433
17635
17918
20824
20829
22455
23502
24728
25251
25606
26650
26704
27252
29445
29832
30030
30061
32789
32892
32918
33362
34232
35104
35420
37388
38226
40215
44128
44254
44465
44596
45777
47515
47972
49768
5050
6455
7981
8965
10732
10765
11962
18642
18900
20413
23029
23323
24454
25387
26077
27306
30828
31399
31635
35162
37235
39863
39875
41558
41905
45213
48906
49379
49442
157
161
346
2991
3346
3619
7976
8552
8637
11765
12060
12315
14034
18247
19436
20239
20634
21567
21679
22089
22512
22598
23623
24106
25389
26355
26715
28180
28957
29279
29365
30705
31194
31315
32649
34065
34463
34521
35157
35965
37064
39518
39698
42908
44776
46035
49252
1162
4571
5218
5765
6807
7010
7718
8260
8695
9626
10455
10689
10726
12587
13091
14035
15182
16126
18474
19462
19768
20436
20984
21018
21255
21788
22471
24847
25696
26429
32093
32490
33774
34199
34725
37970
38278
40051
46597
929
2451
2564
3956
4683
5090
5253
7222
8421
8546
9934
10367
12517
12554
13343
13567
14720
15306
16404
18155
19465
22600
22915
24171
24571
28940
29823
30965
31239
31817
32303
33857
34560
35079
35136
35546
36139
37299
37665
38812
39728
40244
40945
41561
42803
46685
47057
47354
48794
146
377
886
3674
4908
5004
5084
6022
6765
7838
8111
8445
9716
12162
13187
14424
15443
20511
21722
22274
26612
27872
28112
28789
30363
30742
31700
32050
32747
34997
37878
39465
40304
40430
41812
44397
44456
44650
44711
44856
45259
46501
49204
811
1530
2686
3421
3627
4365
5644
5761
6947
7151
8346
9824
10109
12680
14255
14683
16548
20337
23036
25115
27868
28210
29227
30143
30198
30231
33953
34755
36530
37538
39111
39204
39384
39721
40849
40976
41493
41504
41954
42678
43526
43627
44726
45530
45857
47562
47821
237
3133
4873
5985
5997
6395
7265
7597
7950
13979
14870
17898
18479
19797
22199
27429
28098
28160
28215
28300
29322
30291
31084
34214
34931
34942
36825
37488
38116
38299
39014
40740
43177
44291
44997
47395
47770
48532
49271
2152
2155
3536
4558
5008
8261
10460
11095
11320
12707
15318
15537
16089
16726
17301
17885
18295
18590
18839
19279
19593
23809
25630
26806
28799
32929
33233
33434
34213
34502
34564
35246
35703
35893
36166
36463
36861
37458
37535
37651
38877
40435
45635
186
2179
2428
2476
4527
6789
8826
11799
12997
13001
13780
14738
16208
18282
19849
20593
20767
24678
26161
27900
29703
31519
32055
32306
34798
34864
37802
38753
38791
39270
41555
43376
46955
48456
316
805
1714
1746
2077
2943
4160
4585
6459
7616
7724
8483
9700
11064
11269
11274
12283
12590
16298
16536
17223
18370
18430
19957
21477
22049
22260
25462
26249
26304
27628
27983
28448
29255
29805
31109
31754
32045
33489
34187
34545
35069
35617
38515
39211
39383
41250
41923
42754
45780
46359
47499
48971
367
2659
3140
3852
4042
4206
5112
6112
6473
6501
6614
8201
9297
9655
10632
12094
12989
13715
14152
17666
19131
20731
21402
21564
22306
23360
23999
24914
24933
24981
25882
28644
31367
34278
34680
38246
38972
40080
41797
43529
43599
43617
45377
47636
47751
48313
2052
2571
4523
6486
7639
12155
13312
14312
14466
14541
15717
21207
21838
25478
26596
28272
30203
30533
32365
32404
33364
36742
37055
41452
41951
42178
42644
42848
44189
44785
45706
46343
47774
47858
48148
49969
49970
418
2261
3629
5339
5350
5897
6773
7202
7456
10076
11255
13895
15014
16335
16712
17192
18892
19916
20892
21955
22957
23218
24283
24397
24993
28350
30042
32210
33739
34202
34616
35440
35858
36956
37036
37470
37753
38828
39178
42300
42574
44237
45294
45887
46996
47163
47259
5665
7291
7388
7501
11931
12058
13073
16190
18434
18548
20325
22204
23953
24022
26927
28492
28589
30636
32534
32703
34266
34910
37236
37277
38689
39753
40773
41442
41471
42632
44007
44154
44263
47235
47272
48417
48548
49100
49119
3170
3367
5967
7610
9247
13019
13585
14765
16234
18854
19889
21641
22612
23058
24162
24704
29958
30120
31963
32381
33554
35755
35855
36112
40224
41596
41825
41907
42049
45336
46653
46842
3196
3477
6375
9806
10391
10471
10709
11848
12604
13271
14187
19280
26681
27216
28942
30212
30376
33781
33998
35661
38506
38964
39312
39697
41724
44205
45533
46566
49009
816
1703
4104
4188
7488
9289
10032
10606
14902
15364
16784
19933
21878
21997
22268
22351
22398
23976
26726
26975
27147
28468
30468
30806
32601
35112
36267
36902
37015
37332
38372
38815
39958
41299
41650
44017
46441
47569
48251
49811
2832
3626
5457
5843
6084
8439
10579
14245
14432
14708
17403
17948
19226
19722
20376
21822
23452
24085
26753
27513
27717
29977
30745
32373
32774
32837
33931
35241
37084
37860
38896
39640
40492
40958
45419
45444
45922
46866
49061
49235
49655
239
787
2925
3345
4289
5089
5926
6406
6547
7822
9720
13066
18970
19328
21319
21556
22399
23487
23884
24371
24603
24902
27919
28200
28861
29659
30245
30427
31242
32797
33308
33317
35257
35443
35558
36591
37253
37620
38319
40400
43190
44922
45068
45254
46081
47249
48168
48247
2198
3176
3483
5552
10228
13032
14114
14967
16249
17739
18757
19684
20660
20791
21145
21854
21917
24657
24792
25229
25625
26241
28144
33076
34883
38513
38653
39968
40407
40445
40959
41078
41543
43981
46338
46806
47621
49165
49236
147
2833
3237
4238
5498
5943
6764
6961
8019
9222
12213
13411
14882
17369
17614
18372
19250
19582
23971
25355
26207
28480
29782
32234
32471
33558
40752
42696
43904
45425
46897
49672
640
1219
2296
4536
5585
8892
10981
11430
11478
11773
12400
13390
13595
15107
16743
17051
18676
20178
22273
23406
23574
26001
26819
27554
27946
28138
28995
35415
38006
38025
38687
39367
41277
41670
46528
48585
1352
2105
2214
2746
3260
4081
5359
6810
8009
8524
10941
12022
12234
12239
12702
13191
13727
14099
21150
21582
22434
27099
29817
32274
34348
35323
37885
38709
38844
39197
41021
41064
42547
43047
46793
47606
48319
95
2180
6453
7209
8831
8891
8964
9976
9986
10396
14123
14856
16440
17162
17229
17813
17929
20477
20692
22870
23606
25127
25220
27551
29540
30441
30588
31615
32091
32626
33578
34172
35396
36291
37537
40466
42517
43550
44823
47430
47931
48031
49316
653
676
1598
2541
7033
7357
8866
9027
9730
10627
10987
11108
14348
14649
15087
17251
17437
18691
19932
20975
22393
22743
23540
23880
24643
25122
25754
25887
26123
27830
28531
29741
30408
30618
31018
31566
37888
38974
39161
39182
39310
39519
40118
40420
42362
42559
43018
43117
43138
43157
44949
44991
46602
49225
49490
3930
7802
8928
10388
10389
10580
11637
11763
13031
13701
16247
16692
18523
20597
20795
21277
23583
24664
26290
26663
29173
31991
34968
35251
36204
37108
37736
39028
40635
40925
41361
41597
44871
45687
46038
46430
47206
48169
690
1059
1523
2826
3016
3760
5185
6278
7240
9907
12558
18955
19195
20252
20768
20931
23439
23617
24388
24422
25550
26328
27448
30335
31907
34678
35416
35659
35814
35839
38161
38501
39336
41228
41521
43675
43744
45186
46667
46893
47227
48140
48245
48336
48467
48505
1422
3117
7769
13892
14258
14266
15815
17330
17706
19203
19483
20014
20264
20923
22723
24326
24553
25307
25821
25894
27775
28006
28831
29567
32281
33346
39483
40628
42135
43092
45826
49483
49578
49749
612
754
1278
1432
1471
1594
2034
2807
4700
5685
7979
9944
12375
14358
14663
15233
15957
16088
16348
16815
18249
21887
22533
23383
24142
24941
25669
26929
27904
28969
30930
31657
32266
32360
33360
35789
38373
38387
42114
42368
46416
48622
48741
12232
12458
15495
19731
21820
23838
32660
46385
46611
2435
6009
13847
18899
25838
30831
42623
8602
12658
27486
28270
33528
3987
7444
8564
11964
16519
25162
32647
35200
38630
40059
44502
44832
48401
5198
8318
8649
25655
29259
40424
43415
46329
46759
10371
11694
15879
21613
28472
36268
43888
45903
283
3669
5525
23024
26776
34510
34778
39798
45268
3902
5007
9138
14965
16570
25704
30836
47806
49513
10854
12183
14101
16006
21294
21627
27057
28028
32551
37464
43992
14793
22908
24201
26120
27568
29200
33469
33980
35135
41682
45430
49631
310
10492
12605
20916
23949
25783
28056
31269
38963
48154
1200
19583
21897
30349
30706
36010
41721
48733
11947
38985
45011
48153
49158
25735
28239
28616
47332
6569
7506
13855
25797
27922
28928
31975
37141
40653
42334
44881
14636
39436
45870
10016
18067
21568
29904
31201
35318
39233
47092
1995
3555
18584
23278
10509
11163
11302
23635
30496
33039
44921
46617
3485
4957
9112
31951
2355
4091
7741
8627
13364
18125
20887
22309
22404
29867
29918
48948
4845
11047
39271
42974
1046
1412
5039
5368
5690
26247
27364
38755
39189
45185
5292
11253
39490
43159
47025
2430
7648
9292
10381
12891
30278
31552
3516
18866
22911
39762
46487
2352
4065
16771
22837
30065
31535
38077
41868
3965
4004
4778
6728
10782
14497
17970
25154
27546
43106
4535
4771
5895
7945
23798
25271
25580
26629
35926
49044
259
8247
11378
14031
19257
23807
32039
40476
44021
49469
6876
8926
14000
20837
27194
29628
33266
40043
499
6200
6611
39903
47411
4662
7521
13349
22082
27014
35031
40357
47426
1049
1587
4397
6587
12144
13575
18883
20263
23031
23235
24394
25051
37307
38491
42853
43660
43879
13621
15279
16017
20899
30826
33141
37357
38950
41509
44734
45380
45485
6364
8659
9497
11224
18898
19361
20669
24536
30138
35784
42643
49757
1346
5970
16361
23647
34357
35425
39382
39939
43646
10662
12797
15231
15253
21273
22197
26344
30901
13333
23843
31934
36685
45111
48611
7728
8355
9970
18824
21849
27465
36788
41587
42060
14832
21620
22066
24200
25522
30652
42239
49085
5933
8532
8932
15055
17683
19297
20704
21287
28386
32448
33633
38044
41276
44216
48509
5577
7519
12966
13802
16772
23757
23796
24900
35747
46739
47171
3458
11599
11748
13233
15209
17494
19609
20401
23823
37974
43803
48955
6131
11038
14786
17470
31868
34796
36270
36738
1534
9928
29312
31132
35192
36304
42602
42737
47946
49717
6071
19094
24513
26579
29126
31080
41908
5013
14516
14747
15539
22326
35770
39835
48734
1481
11442
11635
12791
13093
13148
35455
42812
47434
3180
26171
32016
38822
39636
41816
109
1794
3009
8739
14576
20307
23155
29587
31823
39821
47151
839
26618
26798
28036
29634
34437
36834
3596
10449
17668
28580
30619
42306
47018
48022
8898
11934
18504
6149
27296
35445
44604
46323
328
2126
10740
17709
26004
34528
381
3309
3435
6790
7793
13321
28429
35532
38330
45469
46743
6239
17825
21427
33440
36552
39870
31355
39239
11810
12326
18830
24153
30986
36966
2392
11361
13649
13729
15093
23718
31331
42954
45055
45756
48900
48981
1435
10486
13368
18392
20788
21684
41330
11948
17896
20917
45394
1928
2323
2587
38537
13939
21055
3671
38248
12322
19558
42886
6469
13415
21036
34036
2994
21689
27385
36660
11213
36128
46404
12512
4592
30571
16992
19031
20705
24205
7565
26552
30707
25218
28417
4584
24433
31050
22745
20560
2599
6380
27518
26357
38417
39403
37828
13993
7576
19911
38255
2507
41068
24088
24176
31371
3489
17457
34062
42318
18942
35419
43033
7591
1420
30330
38916
43374
14688
31212
47017
10201
33723
11777
17101
26900
30279
41658
9531
35169
48834
29101
49148
10571
47823
40846
36869
17350
43213
49083
26594
32508
35904
25283
41121
